user_name,user_url_photo,email,user_password
loheaney0,http://dummyimage.com/162x202.png/5fa2dd/ffffff,rlebosse0@skype.com,aBAeFhN
adacosta1,http://dummyimage.com/171x247.png/dddddd/000000,cantoniottii1@domainmarket.com,WRxtq2e7Hh
gfogarty2,http://dummyimage.com/209x184.png/cc0000/ffffff,mroscher2@fda.gov,cvLHMAgR
cbysaker3,http://dummyimage.com/173x178.jpg/dddddd/000000,astetlye3@patch.com,TjMm4V8hyV
mgaucher4,http://dummyimage.com/171x243.bmp/dddddd/000000,fgormally4@google.com,h7G1CUP9oRdx
ltolussi5,http://dummyimage.com/235x109.png/dddddd/000000,jhanselman5@ameblo.jp,FFg79vUcYZ6W
sgadman6,http://dummyimage.com/217x129.bmp/dddddd/000000,agallyon6@oracle.com,DB9DINk9m4
msneesbie7,http://dummyimage.com/188x183.bmp/ff4444/ffffff,dwogden7@shop-pro.jp,rafVfAZ5
ewillard8,http://dummyimage.com/182x239.png/ff4444/ffffff,lpiatti8@disqus.com,q61dNpRGGctK
opracy9,http://dummyimage.com/130x183.png/5fa2dd/ffffff,lgarvin9@mac.com,xV1rmk
dhuberya,http://dummyimage.com/123x106.bmp/cc0000/ffffff,rvoletta@craigslist.org,oO7T0h
calimanb,http://dummyimage.com/167x227.jpg/dddddd/000000,vcullingtonb@webs.com,Ed9SWO
mscrivenerc,http://dummyimage.com/116x104.bmp/ff4444/ffffff,rcawsyc@yelp.com,6gzq02
iblintd,http://dummyimage.com/121x106.bmp/cc0000/ffffff,jhandscombd@thetimes.co.uk,Be7nMyC3y1js
tmathivete,http://dummyimage.com/135x189.bmp/dddddd/000000,rgabee@csmonitor.com,pLmFxe7
mpalliserf,http://dummyimage.com/100x222.png/dddddd/000000,ereichartzf@hp.com,vWtD4cxn
jbloggettg,http://dummyimage.com/187x204.png/dddddd/000000,psimnerg@123-reg.co.uk,3DxbAOs
mklugeh,http://dummyimage.com/222x209.bmp/ff4444/ffffff,bferrarh@pbs.org,lHIvMw
iwylesi,http://dummyimage.com/146x170.bmp/cc0000/ffffff,ktrevinoi@ezinearticles.com,pUD8bz6iA2Ef
afancuttj,http://dummyimage.com/206x207.png/dddddd/000000,jayshfordj@yahoo.co.jp,8hwVKgU2
wdelhayk,http://dummyimage.com/204x184.png/5fa2dd/ffffff,dlillgardk@umich.edu,GPusYmeMwJ
wfolomkinl,http://dummyimage.com/225x187.bmp/5fa2dd/ffffff,btrottl@imageshack.us,xiTD4BCo
csneppm,http://dummyimage.com/234x151.jpg/ff4444/ffffff,cstrelitzkim@github.com,Nld0q9eG
caikenheadn,http://dummyimage.com/221x165.bmp/5fa2dd/ffffff,gspantonn@skyrock.com,atIoPBjTkTSc
krubenchiko,http://dummyimage.com/194x224.jpg/5fa2dd/ffffff,ccescottio@webnode.com,bG6y9JT
aheddyp,http://dummyimage.com/210x117.bmp/5fa2dd/ffffff,mdelafoyp@netlog.com,rOWKZqAxb
pleathartq,http://dummyimage.com/220x140.png/cc0000/ffffff,apaolicchiq@imageshack.us,ezmNxpJqhWo
tmclugaishr,http://dummyimage.com/144x237.bmp/ff4444/ffffff,hlillicrapr@ask.com,cphjebpp
nscobles,http://dummyimage.com/134x108.jpg/5fa2dd/ffffff,fwallentins@fema.gov,bB8jHhh3be
fmaccheynet,http://dummyimage.com/204x114.bmp/5fa2dd/ffffff,bpeedellt@booking.com,6at9l5yqN
rblagdonu,http://dummyimage.com/187x143.png/5fa2dd/ffffff,cnobletu@cisco.com,lbeLtBFRL4
dstringmanv,http://dummyimage.com/110x180.jpg/dddddd/000000,corrockv@spotify.com,x1vdkSOMSjB9
sleilew,http://dummyimage.com/103x188.png/ff4444/ffffff,ktamasw@desdev.cn,8Mjf8JeS
astonex,http://dummyimage.com/147x226.jpg/5fa2dd/ffffff,bcorterx@symantec.com,NcVTlWIqAHW
tdunfordy,http://dummyimage.com/201x163.png/5fa2dd/ffffff,dcolvilley@yandex.ru,8zElmr2DIgXc
awallmanz,http://dummyimage.com/170x121.bmp/ff4444/ffffff,sdwyerz@telegraph.co.uk,PG35keb4r7fg
mlillicrop10,http://dummyimage.com/209x134.png/dddddd/000000,vbrooker10@shop-pro.jp,0Ei0iVJq
lsamter11,http://dummyimage.com/192x145.jpg/5fa2dd/ffffff,fbjerkan11@cornell.edu,hMOOaj1TUO7p
blodder12,http://dummyimage.com/205x196.jpg/5fa2dd/ffffff,kpennaman12@e-recht24.de,8Xtamcz
gbullock13,http://dummyimage.com/156x127.bmp/ff4444/ffffff,lpostill13@deviantart.com,TQr5lx
rdegregario14,http://dummyimage.com/163x203.bmp/ff4444/ffffff,emacia14@sakura.ne.jp,BszYPI
grickertsen15,http://dummyimage.com/134x231.bmp/ff4444/ffffff,estonebanks15@acquirethisname.com,sn9KEwFaIgV
bdmtrovic16,http://dummyimage.com/141x195.bmp/dddddd/000000,bmatterface16@comcast.net,MtySr94
vmcgown17,http://dummyimage.com/185x169.bmp/dddddd/000000,mmelly17@shutterfly.com,4Ud00GVrfPn
traddish18,http://dummyimage.com/225x120.jpg/5fa2dd/ffffff,bschlagtmans18@latimes.com,a6WNFWzta2Dw
gkinleyside19,http://dummyimage.com/118x161.png/5fa2dd/ffffff,icranmore19@unicef.org,tF7ee0
dripping1a,http://dummyimage.com/101x149.jpg/cc0000/ffffff,ebertelmot1a@google.cn,HBgO6ytJ
tstansfield1b,http://dummyimage.com/232x142.jpg/dddddd/000000,cganford1b@noaa.gov,bW4NlbtB
pbercevelo1c,http://dummyimage.com/188x235.png/5fa2dd/ffffff,rarmin1c@java.com,MgZqtf5xag2L
jhanby1d,http://dummyimage.com/186x107.jpg/5fa2dd/ffffff,dshewan1d@freewebs.com,YWaK8AVGYI96
cfassan1e,http://dummyimage.com/233x134.jpg/ff4444/ffffff,mcharlesworth1e@chronoengine.com,aCyLBb3vREm
oalison1f,http://dummyimage.com/169x189.jpg/dddddd/000000,ploidl1f@theguardian.com,Zl6jmHO
tdetheridge1g,http://dummyimage.com/218x157.jpg/dddddd/000000,pdarnbrook1g@gizmodo.com,3amlHsuQ23I
edoers1h,http://dummyimage.com/124x140.png/cc0000/ffffff,mplumm1h@skyrock.com,O3bVmZT
lvanvelde1i,http://dummyimage.com/220x221.png/cc0000/ffffff,eschott1i@oaic.gov.au,8iqlm0G9SWY
cbestwerthick1j,http://dummyimage.com/207x209.jpg/dddddd/000000,jrogger1j@uol.com.br,MXrrv4Kg
eleere1k,http://dummyimage.com/148x171.png/ff4444/ffffff,adenty1k@live.com,ntps5leo
pchestnutt1l,http://dummyimage.com/147x181.bmp/ff4444/ffffff,cpennicard1l@nsw.gov.au,uo84DUo
afiggen1m,http://dummyimage.com/142x146.bmp/5fa2dd/ffffff,inevitt1m@google.ru,gOpLBY
dbruineman1n,http://dummyimage.com/146x241.bmp/dddddd/000000,cplumer1n@ning.com,ejAZzQMY
jdadd1o,http://dummyimage.com/228x202.png/dddddd/000000,mpigot1o@mozilla.org,jcQPdvieO
ssnazle1p,http://dummyimage.com/236x148.jpg/cc0000/ffffff,rhablot1p@youku.com,JtkVbWuOMJv
sformie1q,http://dummyimage.com/105x113.jpg/dddddd/000000,sferrie1q@gizmodo.com,6x1T49SzaM
hmaseyk1r,http://dummyimage.com/228x134.jpg/ff4444/ffffff,mkeat1r@home.pl,UZLJfuSEfkAQ
sclunan1s,http://dummyimage.com/225x185.jpg/ff4444/ffffff,boneal1s@naver.com,Z7rPJ4vu
abeetham1t,http://dummyimage.com/208x192.bmp/cc0000/ffffff,eshead1t@google.cn,U7G6EFgq
ehawick1u,http://dummyimage.com/199x124.bmp/5fa2dd/ffffff,lmeaton1u@adobe.com,XgHXuOaXn
bsinclaire1v,http://dummyimage.com/117x119.jpg/ff4444/ffffff,mlynett1v@yolasite.com,UQynNG
kpover1w,http://dummyimage.com/115x148.bmp/dddddd/000000,dwilcher1w@boston.com,vCSM4Hc3
gpigne1x,http://dummyimage.com/176x101.jpg/cc0000/ffffff,lbortoletti1x@addthis.com,KfLVH0Knq
margyle1y,http://dummyimage.com/133x155.bmp/5fa2dd/ffffff,csisnett1y@nytimes.com,VJFCxRvgRFQn
pmoreno1z,http://dummyimage.com/174x186.jpg/ff4444/ffffff,tblacklidge1z@scribd.com,nFY09K
gpowrie20,http://dummyimage.com/196x165.png/cc0000/ffffff,rlanghor20@quantcast.com,GAWT10H2
bsherburn21,http://dummyimage.com/206x140.bmp/5fa2dd/ffffff,mashbridge21@mysql.com,61amatYKgfT
csilverlock22,http://dummyimage.com/212x200.png/5fa2dd/ffffff,ssamber22@live.com,c14M0nrvomw8
fquakley23,http://dummyimage.com/147x125.png/ff4444/ffffff,bcorrett23@storify.com,f6Q99zDw
jyesipov24,http://dummyimage.com/107x124.bmp/cc0000/ffffff,msteel24@gizmodo.com,uQ64vINmqi
nsikora25,http://dummyimage.com/155x213.png/dddddd/000000,aharrinson25@goo.ne.jp,26SUILq5
sbahde26,http://dummyimage.com/217x121.jpg/cc0000/ffffff,istead26@dmoz.org,cJTgfQh7Eb
mjozsika27,http://dummyimage.com/114x244.png/5fa2dd/ffffff,gbaselli27@cnn.com,RWGNMpD
lbauckham28,http://dummyimage.com/105x117.png/cc0000/ffffff,smanis28@illinois.edu,WkdbkgPRKqy
wmanchett29,http://dummyimage.com/187x143.bmp/cc0000/ffffff,lfenimore29@illinois.edu,RYDp8u
etexton2a,http://dummyimage.com/176x210.bmp/cc0000/ffffff,rfilyushkin2a@friendfeed.com,j1BvQa
lhaydney2b,http://dummyimage.com/124x106.jpg/cc0000/ffffff,mtruter2b@wufoo.com,z1FqZ36AxZ3g
bbergstrand2c,http://dummyimage.com/213x208.jpg/cc0000/ffffff,vstarie2c@usda.gov,qAouIjtpu
medmundson2d,http://dummyimage.com/215x185.jpg/5fa2dd/ffffff,cnewgrosh2d@exblog.jp,Y3OPM7oBOWD
gbusswell2e,http://dummyimage.com/167x235.png/dddddd/000000,csalzburger2e@sphinn.com,6qSIl3
nmatuszak2f,http://dummyimage.com/189x104.png/5fa2dd/ffffff,bspoors2f@answers.com,QOTqPi5
mchafney2g,http://dummyimage.com/103x229.jpg/5fa2dd/ffffff,rrymer2g@adobe.com,8zCsbfz
tlissimore2h,http://dummyimage.com/139x196.bmp/dddddd/000000,gtomanek2h@seattletimes.com,R6QKk0f
dmassie2i,http://dummyimage.com/240x101.png/5fa2dd/ffffff,gboich2i@bravesites.com,sedPRTzE
nandrich2j,http://dummyimage.com/184x224.jpg/cc0000/ffffff,jlambrechts2j@themeforest.net,ZZjtM5hWSz
cbrumfield2k,http://dummyimage.com/119x245.bmp/5fa2dd/ffffff,cbilverstone2k@jalbum.net,65dawiy
adisbrey2l,http://dummyimage.com/212x199.jpg/dddddd/000000,bnuzzi2l@auda.org.au,tpoXsRyntbCv
cmilnthorpe2m,http://dummyimage.com/235x121.png/dddddd/000000,hcornils2m@facebook.com,8nnr02ZyXTL
cesslemont2n,http://dummyimage.com/223x237.jpg/ff4444/ffffff,fjanks2n@google.nl,8hzRpfRq7qcZ
atschursch2o,http://dummyimage.com/151x105.bmp/ff4444/ffffff,munsworth2o@t.co,IGrUX7Y0
tabate2p,http://dummyimage.com/105x144.jpg/dddddd/000000,oloveridge2p@thetimes.co.uk,e2zb2Iza
rcouch2q,http://dummyimage.com/176x122.png/5fa2dd/ffffff,pwalster2q@free.fr,WeJo2RElUQy
kbardnam2r,http://dummyimage.com/110x137.jpg/5fa2dd/ffffff,fsplain2r@yellowbook.com,qjH5VcWDjC
tcraddock2s,http://dummyimage.com/180x203.png/cc0000/ffffff,fmackelworth2s@liveinternet.ru,6IJhw4js
cgribbon2t,http://dummyimage.com/199x156.png/ff4444/ffffff,arolance2t@jigsy.com,dYvu4v
ntruss2u,http://dummyimage.com/141x247.jpg/cc0000/ffffff,wsimak2u@vkontakte.ru,ytz2dk2N4
cleakner2v,http://dummyimage.com/114x145.bmp/5fa2dd/ffffff,jparradye2v@mayoclinic.com,6rvve5Dvs
gbulter2w,http://dummyimage.com/193x142.bmp/ff4444/ffffff,hrobbey2w@usgs.gov,jhzrLx21
nfaill2x,http://dummyimage.com/127x177.png/ff4444/ffffff,rsidnell2x@odnoklassniki.ru,jC1prUqc
hmiddup2y,http://dummyimage.com/141x149.bmp/ff4444/ffffff,lrollings2y@1und1.de,Q27GnWai3ZIy
lhandscomb2z,http://dummyimage.com/158x197.jpg/cc0000/ffffff,wgowry2z@chron.com,5q67naC7gWQX
cmallion30,http://dummyimage.com/231x207.bmp/ff4444/ffffff,cblint30@merriam-webster.com,jLcPYM
zblumer31,http://dummyimage.com/156x117.bmp/5fa2dd/ffffff,sseaking31@bbc.co.uk,n7td0zTmfuj
iskirven32,http://dummyimage.com/105x173.png/ff4444/ffffff,nplevin32@businessinsider.com,dfhEQBeMr5iO
jbuscher33,http://dummyimage.com/230x193.png/5fa2dd/ffffff,emundwell33@mlb.com,4OHOT3iJMs
rtheunissen34,http://dummyimage.com/180x172.jpg/dddddd/000000,sbrawley34@census.gov,ezMuKwlgyLj
ktimlett35,http://dummyimage.com/150x234.png/dddddd/000000,cellery35@harvard.edu,6gCPES7urK4t
mbrevetor36,http://dummyimage.com/131x111.bmp/5fa2dd/ffffff,shunstone36@woothemes.com,TReC4nJppb
jjoncic37,http://dummyimage.com/233x239.bmp/cc0000/ffffff,rbangham37@jimdo.com,MgL4tTKN8Dd
sovenell38,http://dummyimage.com/146x122.jpg/5fa2dd/ffffff,wtrevena38@shareasale.com,aHwBIQ8Z
mgeeraert39,http://dummyimage.com/124x224.jpg/cc0000/ffffff,csarll39@rakuten.co.jp,MnyGlD4
pbastable3a,http://dummyimage.com/243x158.jpg/5fa2dd/ffffff,eennion3a@hostgator.com,dRMksH21X
hgeerling3b,http://dummyimage.com/244x215.png/dddddd/000000,ccroal3b@xrea.com,2Ku53TCwIPeH
nbrevitt3c,http://dummyimage.com/104x182.bmp/dddddd/000000,rnisbet3c@elegantthemes.com,Uds5i3OYYxtZ
vlanning3d,http://dummyimage.com/166x183.jpg/ff4444/ffffff,cchambers3d@nymag.com,WjgOYtvr4
jheads3e,http://dummyimage.com/224x208.bmp/5fa2dd/ffffff,ddumbrill3e@washington.edu,h96yZ7L
gcay3f,http://dummyimage.com/163x226.jpg/dddddd/000000,aivanishev3f@free.fr,tsDr9i
cnorthridge3g,http://dummyimage.com/201x193.bmp/5fa2dd/ffffff,rsadry3g@canalblog.com,0tFp5d3ECtA
rpancoust3h,http://dummyimage.com/241x102.jpg/5fa2dd/ffffff,twalsh3h@opensource.org,2qEJbzA
pmeredyth3i,http://dummyimage.com/172x124.jpg/cc0000/ffffff,gidell3i@tinypic.com,JEEbNbWzD1y
cjecks3j,http://dummyimage.com/156x205.bmp/dddddd/000000,rcloughton3j@istockphoto.com,McDOOu0T
sfairholme3k,http://dummyimage.com/178x209.png/dddddd/000000,sbergeon3k@ibm.com,YVfI9unlCq
cstent3l,http://dummyimage.com/188x187.bmp/cc0000/ffffff,amelville3l@house.gov,q9qQLM
mdrissell3m,http://dummyimage.com/156x118.png/dddddd/000000,asealand3m@huffingtonpost.com,4JpCevYgH6yK
bfear3n,http://dummyimage.com/126x241.png/ff4444/ffffff,hduncombe3n@ehow.com,IFehxL
cpellant3o,http://dummyimage.com/119x185.jpg/5fa2dd/ffffff,dwolseley3o@usgs.gov,xQGAiJffSMbL
eroseborough3p,http://dummyimage.com/145x142.png/5fa2dd/ffffff,kgallaher3p@ca.gov,f1cBUpxz9
glorenz3q,http://dummyimage.com/178x150.jpg/cc0000/ffffff,abudibent3q@cbsnews.com,PTnWZNk0D8z
glubman3r,http://dummyimage.com/182x197.png/dddddd/000000,mdonet3r@google.fr,hcdE8pmNoNg
ssowerbutts3s,http://dummyimage.com/136x120.jpg/dddddd/000000,ygelletly3s@illinois.edu,rrV8Ur
mgaddes3t,http://dummyimage.com/167x177.jpg/5fa2dd/ffffff,bolynn3t@craigslist.org,FpcemXlTIfq
gcadore3u,http://dummyimage.com/155x159.png/ff4444/ffffff,kgrinnell3u@wp.com,nWJcAwBK
sladd3v,http://dummyimage.com/219x103.bmp/cc0000/ffffff,lyvens3v@oracle.com,NXoyHYk
rvandriel3w,http://dummyimage.com/246x228.png/cc0000/ffffff,rmagog3w@wikimedia.org,J2A7ROTx
gwaterhous3x,http://dummyimage.com/139x241.bmp/cc0000/ffffff,rstuart3x@purevolume.com,dVDq9H
lbeazer3y,http://dummyimage.com/157x224.jpg/ff4444/ffffff,nkendrick3y@netvibes.com,MYMozi
dhellen3z,http://dummyimage.com/103x216.png/ff4444/ffffff,xreichardt3z@craigslist.org,CDxJwzDpV
fwathen40,http://dummyimage.com/164x203.png/ff4444/ffffff,wlowseley40@webs.com,J1xcyWM
mtumbridge41,http://dummyimage.com/219x239.bmp/cc0000/ffffff,hfranzewitch41@storify.com,axuOSJytht
mackhurst42,http://dummyimage.com/188x145.jpg/ff4444/ffffff,cmacanellye42@comsenz.com,MClW9roXDiAP
cpozzo43,http://dummyimage.com/246x129.bmp/ff4444/ffffff,dharget43@prnewswire.com,F4DNAT4QZ21o
mivey44,http://dummyimage.com/199x181.png/cc0000/ffffff,jhail44@shinystat.com,XrI57uUSHw
rfoy45,http://dummyimage.com/119x245.jpg/cc0000/ffffff,ttremmil45@ucla.edu,7hNlKs91x
dcave46,http://dummyimage.com/195x108.bmp/ff4444/ffffff,scominotti46@zdnet.com,PrPWlT4L
mdureden47,http://dummyimage.com/139x231.bmp/dddddd/000000,sgeffe47@apache.org,YvTwFTKsX
abaudou48,http://dummyimage.com/187x205.jpg/cc0000/ffffff,hwaterstone48@dion.ne.jp,FezDX1Oeq
tscroxton49,http://dummyimage.com/236x145.png/dddddd/000000,lkorting49@yellowpages.com,H5ZYB9ju8T2k
aruddy4a,http://dummyimage.com/173x101.jpg/5fa2dd/ffffff,pcleugh4a@webnode.com,SLMHfkklgBB
plembrick4b,http://dummyimage.com/146x238.png/dddddd/000000,rovens4b@yelp.com,Il7av9nEMtlf
jclowney4c,http://dummyimage.com/131x202.png/ff4444/ffffff,brojas4c@imageshack.us,OjIAUaTaR85Z
rglazier4d,http://dummyimage.com/229x208.jpg/cc0000/ffffff,ireinard4d@freewebs.com,PG8KRZIh
ddegnen4e,http://dummyimage.com/117x233.bmp/5fa2dd/ffffff,pgerred4e@time.com,2rU6X7FS
gwanless4f,http://dummyimage.com/212x160.jpg/ff4444/ffffff,rcaesman4f@istockphoto.com,pWAgP8nDkgW
pmaccosto4g,http://dummyimage.com/178x158.bmp/5fa2dd/ffffff,jjost4g@jugem.jp,lRnzOIpaiK
mmassow4h,http://dummyimage.com/243x200.jpg/cc0000/ffffff,cwarn4h@wikia.com,GLiUeyShsZr4
cisakovic4i,http://dummyimage.com/129x114.bmp/5fa2dd/ffffff,fhazlegrove4i@gizmodo.com,X2kotokg
kyoung4j,http://dummyimage.com/136x217.bmp/ff4444/ffffff,cmatiebe4j@scribd.com,3JlTNxKtGI
abaskwell4k,http://dummyimage.com/106x135.png/cc0000/ffffff,csimonutti4k@csmonitor.com,TNmnWJ38Lp
ccomellini4l,http://dummyimage.com/227x162.bmp/dddddd/000000,mkesterton4l@theguardian.com,SFzICr
bporritt4m,http://dummyimage.com/189x185.bmp/dddddd/000000,eheinish4m@squarespace.com,tQqmgai
kmckew4n,http://dummyimage.com/231x120.bmp/5fa2dd/ffffff,tmaccollom4n@illinois.edu,DczQmtxVO
cverson4o,http://dummyimage.com/179x215.bmp/cc0000/ffffff,sholme4o@npr.org,GTtijQNLt3k
prowan4p,http://dummyimage.com/165x123.jpg/5fa2dd/ffffff,mgammill4p@angelfire.com,D66oprGD
mlohering4q,http://dummyimage.com/199x145.png/ff4444/ffffff,rsyson4q@kickstarter.com,A16iej5PJj
cjirsa4r,http://dummyimage.com/226x222.bmp/5fa2dd/ffffff,hdami4r@google.cn,CM8Fq9T
sgoldingay4s,http://dummyimage.com/243x107.bmp/dddddd/000000,udeason4s@dion.ne.jp,Wrdkja
amandrier4t,http://dummyimage.com/169x218.jpg/dddddd/000000,dnewlan4t@guardian.co.uk,QrRAw8uSsx
tclixby4u,http://dummyimage.com/186x142.png/dddddd/000000,cwolvey4u@dell.com,8N2I1NGiHrJ
bokenny4v,http://dummyimage.com/156x246.png/cc0000/ffffff,kneem4v@hc360.com,EJu9KPi4W
lskeffington4w,http://dummyimage.com/190x119.png/dddddd/000000,nhannigan4w@shinystat.com,ToOold2
jfruser4x,http://dummyimage.com/106x131.bmp/dddddd/000000,obilovsky4x@hatena.ne.jp,KIJJg3oFc6
zmacgillivray4y,http://dummyimage.com/227x216.bmp/dddddd/000000,lsnead4y@trellian.com,whwsptg
kdenrico4z,http://dummyimage.com/247x239.bmp/ff4444/ffffff,vdemkowicz4z@hibu.com,3UHw6oh
jblasio50,http://dummyimage.com/198x119.png/ff4444/ffffff,rbroggelli50@comcast.net,YYxBmX4
cpeto51,http://dummyimage.com/197x230.jpg/cc0000/ffffff,nfrontczak51@cnet.com,DRN0Wv9PU
mnemchinov52,http://dummyimage.com/209x245.bmp/dddddd/000000,mgriffey52@tuttocitta.it,RLTwQs3QRA
mfurmonger53,http://dummyimage.com/190x227.jpg/5fa2dd/ffffff,gmingardo53@opensource.org,hP6r4d7R
ecassedy54,http://dummyimage.com/161x206.png/ff4444/ffffff,jthickins54@ucla.edu,AIefi4nJ4d
rgoodinge55,http://dummyimage.com/228x245.bmp/ff4444/ffffff,pboissier55@com.com,hWwHkQzs
dtivolier56,http://dummyimage.com/142x113.bmp/5fa2dd/ffffff,rstripling56@gnu.org,QWKwT8C6
mtyrone57,http://dummyimage.com/131x210.png/ff4444/ffffff,sknevit57@woothemes.com,ckJsWNuLAmo
jkeeltagh58,http://dummyimage.com/240x194.jpg/cc0000/ffffff,gpoore58@squidoo.com,Enna8LXXzr
aponting59,http://dummyimage.com/224x148.bmp/dddddd/000000,ebeneix59@ask.com,X69rN0l8xd
smacgilrewy5a,http://dummyimage.com/240x110.bmp/cc0000/ffffff,estebbings5a@indiatimes.com,dSHbpm
scooper5b,http://dummyimage.com/232x150.png/ff4444/ffffff,cscotchmur5b@npr.org,Rr2FdTz
gandriveaux5c,http://dummyimage.com/244x120.png/ff4444/ffffff,bohingerty5c@t-online.de,gbCFnoLeL
gklimmek5d,http://dummyimage.com/143x152.jpg/dddddd/000000,dchristoffels5d@mediafire.com,qZmR28BycV2X
rvanlint5e,http://dummyimage.com/225x237.bmp/cc0000/ffffff,lsaffran5e@typepad.com,lm2iBiW
bklaessen5f,http://dummyimage.com/248x203.bmp/5fa2dd/ffffff,ccoda5f@homestead.com,mI3nIBzI6iae
dbarkworth5g,http://dummyimage.com/209x121.bmp/dddddd/000000,uelman5g@pbs.org,3y82afo
sspirritt5h,http://dummyimage.com/202x167.jpg/cc0000/ffffff,nmagowan5h@sciencedaily.com,Pzrj2tXyX
uohoey5i,http://dummyimage.com/222x151.jpg/5fa2dd/ffffff,ahowtopreserve5i@wikipedia.org,KnbApdc9sG
opartington5j,http://dummyimage.com/250x110.png/dddddd/000000,msteptow5j@admin.ch,618OwyT
scrus5k,http://dummyimage.com/249x135.bmp/cc0000/ffffff,bmoynham5k@sciencedirect.com,dvnZ1Ki3h3g
hbebbington5l,http://dummyimage.com/231x118.png/5fa2dd/ffffff,dchristophe5l@salon.com,hoeUVcvm
cjell5m,http://dummyimage.com/167x106.png/5fa2dd/ffffff,pwayland5m@house.gov,RIQRWmlFI
beustis5n,http://dummyimage.com/201x119.png/cc0000/ffffff,rlearoid5n@scribd.com,w2lcf02SLdUT
acamier5o,http://dummyimage.com/165x176.png/dddddd/000000,vyurchenko5o@photobucket.com,l8KfbKJ
ascrivenor5p,http://dummyimage.com/126x247.png/cc0000/ffffff,bgarshore5p@twitpic.com,dyeme8u
olangfat5q,http://dummyimage.com/122x119.bmp/dddddd/000000,rnegri5q@google.com.hk,cs7BI32pNxr
caldiss5r,http://dummyimage.com/124x170.png/dddddd/000000,jloos5r@addthis.com,rqQDsTcam
jmessage5s,http://dummyimage.com/128x235.png/ff4444/ffffff,lcristoforetti5s@netscape.com,cA4vsRiS
cesland5t,http://dummyimage.com/136x196.png/5fa2dd/ffffff,rcoward5t@networksolutions.com,gIAXWwaWZ0C
ahegge5u,http://dummyimage.com/225x233.bmp/5fa2dd/ffffff,jbinch5u@java.com,aCfXSpUqBI
mtunna5v,http://dummyimage.com/212x113.jpg/dddddd/000000,mramsdale5v@mediafire.com,rsn7witS4d
hstamper5w,http://dummyimage.com/111x127.jpg/ff4444/ffffff,aduchesne5w@google.com,o4f2LIuhW
apilgrim5x,http://dummyimage.com/169x123.png/cc0000/ffffff,momoylane5x@google.co.uk,ksftiiGkd1
sdomerque5y,http://dummyimage.com/156x204.bmp/dddddd/000000,jmcquaide5y@123-reg.co.uk,1dhhjUG
blindeberg5z,http://dummyimage.com/232x171.jpg/cc0000/ffffff,ndurak5z@blogger.com,FIAFIXtgFf
hrickesies60,http://dummyimage.com/151x205.bmp/ff4444/ffffff,acadwaladr60@posterous.com,QKZ1v2sr7g
trens61,http://dummyimage.com/128x213.bmp/5fa2dd/ffffff,npengelley61@seattletimes.com,1F1wUg
beaken62,http://dummyimage.com/164x125.bmp/ff4444/ffffff,sfass62@blog.com,DERVNWsrA8y
aridgley63,http://dummyimage.com/129x244.bmp/5fa2dd/ffffff,rshakshaft63@wikispaces.com,Obf77YN
fdishman64,http://dummyimage.com/158x236.bmp/dddddd/000000,tbrankley64@npr.org,H3NcH6Bb
poxherd65,http://dummyimage.com/225x191.bmp/ff4444/ffffff,tepiscopio65@hubpages.com,u0T4Qz4B
htaffe66,http://dummyimage.com/163x215.bmp/ff4444/ffffff,sgodard66@indiegogo.com,yGbpbkYuIud
cgillies67,http://dummyimage.com/110x245.png/cc0000/ffffff,lhechlin67@independent.co.uk,zyzyEPG6LL
mmalthus68,http://dummyimage.com/228x210.bmp/dddddd/000000,kloeber68@flavors.me,SKwb9viqD
ijevon69,http://dummyimage.com/231x102.png/dddddd/000000,hlefeaver69@samsung.com,0NXK1j5
fblincow6a,http://dummyimage.com/129x149.bmp/ff4444/ffffff,gainge6a@yolasite.com,xpkMEo
ecolhoun6b,http://dummyimage.com/176x224.png/cc0000/ffffff,dvideneev6b@reference.com,ih4CngBk6
cginty6c,http://dummyimage.com/182x223.png/ff4444/ffffff,chaldenby6c@goo.ne.jp,9fXlqmMMB
ymckinstry6d,http://dummyimage.com/186x162.png/ff4444/ffffff,lrowell6d@phpbb.com,rqGXHIWY
emoney6e,http://dummyimage.com/222x220.jpg/5fa2dd/ffffff,dgoodee6e@blogger.com,K2s0Pw
tjansey6f,http://dummyimage.com/142x163.bmp/cc0000/ffffff,camberg6f@cafepress.com,P1FSmrY
acaret6g,http://dummyimage.com/100x239.bmp/ff4444/ffffff,bfairy6g@deliciousdays.com,jmNGKaeM
rander6h,http://dummyimage.com/121x171.bmp/ff4444/ffffff,jsomner6h@independent.co.uk,yLIjftsxbH5
mfancutt6i,http://dummyimage.com/181x214.bmp/dddddd/000000,frustich6i@whitehouse.gov,Cht1ycD1
pmcclements6j,http://dummyimage.com/173x246.png/cc0000/ffffff,nlord6j@feedburner.com,e30j9IQHTm2i
lguilloud6k,http://dummyimage.com/154x107.png/cc0000/ffffff,scrawford6k@altervista.org,BE6qmG
cdawtry6l,http://dummyimage.com/110x175.jpg/cc0000/ffffff,nablitt6l@i2i.jp,2BjzDE
mhow6m,http://dummyimage.com/148x192.png/ff4444/ffffff,bbleakman6m@microsoft.com,KFg2sN5P
hsyde6n,http://dummyimage.com/108x161.jpg/ff4444/ffffff,raudus6n@geocities.com,AlwMoo
nmertel6o,http://dummyimage.com/240x145.png/ff4444/ffffff,mcorragan6o@cargocollective.com,Ju5g5ycr
ebodell6p,http://dummyimage.com/143x243.png/cc0000/ffffff,dickowicz6p@ebay.co.uk,sJQse6TqZQ
csparway6q,http://dummyimage.com/118x198.png/cc0000/ffffff,dsaiz6q@thetimes.co.uk,SfUl1u
tdover6r,http://dummyimage.com/103x231.jpg/dddddd/000000,gmozzi6r@creativecommons.org,elvYjfLZqTNB
jdillingstone6s,http://dummyimage.com/220x141.bmp/5fa2dd/ffffff,bprosek6s@lulu.com,DXkBMSgGlORb
bnowell6t,http://dummyimage.com/185x193.jpg/5fa2dd/ffffff,pskelding6t@dion.ne.jp,lwMFPveOV
gcamosso6u,http://dummyimage.com/242x250.png/cc0000/ffffff,badhams6u@home.pl,JoQwjPv
sliffe6v,http://dummyimage.com/224x172.png/5fa2dd/ffffff,rboord6v@noaa.gov,9uf6Ase7
cfackrell6w,http://dummyimage.com/125x133.jpg/dddddd/000000,tmeeson6w@slate.com,CEqMnHI98R
mtwells6x,http://dummyimage.com/192x115.jpg/5fa2dd/ffffff,iruzicka6x@paginegialle.it,bCRBBZt3V5Y
mrafferty6y,http://dummyimage.com/192x166.bmp/cc0000/ffffff,asagar6y@soup.io,AX3lMBx
vplayhill6z,http://dummyimage.com/229x146.png/cc0000/ffffff,mbaude6z@salon.com,8UeDV0lkAAK
mlongmaid70,http://dummyimage.com/119x112.bmp/5fa2dd/ffffff,gcopeman70@lycos.com,WYgRCHs4aOw
baldis71,http://dummyimage.com/158x172.png/cc0000/ffffff,bsalter71@house.gov,vuASUJv
mcisson72,http://dummyimage.com/113x158.png/dddddd/000000,mmatczak72@zimbio.com,7Z6LDCb5
gfurby73,http://dummyimage.com/168x166.jpg/ff4444/ffffff,kkolinsky73@printfriendly.com,ippsC7
cgoodison74,http://dummyimage.com/129x222.bmp/cc0000/ffffff,osoares74@wix.com,zXen395yNR
fburdin75,http://dummyimage.com/195x210.png/cc0000/ffffff,lalesbrook75@answers.com,cHDBiR
ggear76,http://dummyimage.com/229x191.png/5fa2dd/ffffff,wkershow76@ebay.co.uk,YvphyTeomB
bspridgen77,http://dummyimage.com/105x128.jpg/cc0000/ffffff,lstrathdee77@sina.com.cn,hfm3kcjer
cmakeswell78,http://dummyimage.com/156x200.bmp/5fa2dd/ffffff,dmcardle78@vk.com,n0x028Gt
sleonarde79,http://dummyimage.com/240x111.jpg/cc0000/ffffff,gjakubovits79@163.com,6A2fgcsVv
mcranefield7a,http://dummyimage.com/115x246.png/ff4444/ffffff,kmcclements7a@indiegogo.com,3YQizc
aswatheridge7b,http://dummyimage.com/122x190.bmp/5fa2dd/ffffff,bmount7b@nsw.gov.au,vxoMgh3skvCa
mcowie7c,http://dummyimage.com/224x104.bmp/5fa2dd/ffffff,bclarycott7c@reuters.com,1By4VT9ZlLj
nsalasar7d,http://dummyimage.com/223x139.bmp/ff4444/ffffff,awornham7d@quantcast.com,42DVISDQBuy
ncotterill7e,http://dummyimage.com/156x147.jpg/ff4444/ffffff,dmuckley7e@sitemeter.com,VsBTDGyZf8mn
krusson7f,http://dummyimage.com/135x134.bmp/cc0000/ffffff,erummer7f@drupal.org,L1CcYW2wtQR
jinnett7g,http://dummyimage.com/171x242.jpg/ff4444/ffffff,bcasterton7g@shop-pro.jp,DUKdZl4MkB
hheadan7h,http://dummyimage.com/177x204.bmp/cc0000/ffffff,mginni7h@prweb.com,oJA2tLwPGLD
nbamling7i,http://dummyimage.com/126x222.png/ff4444/ffffff,ikemmett7i@mayoclinic.com,PykBPY8SMt2
fgounard7j,http://dummyimage.com/242x212.png/cc0000/ffffff,tjonczyk7j@vkontakte.ru,v8XoGH0xtQ
tlaphorn7k,http://dummyimage.com/200x138.jpg/dddddd/000000,mrodson7k@thetimes.co.uk,m2krZeSD
akares7l,http://dummyimage.com/128x127.bmp/dddddd/000000,lmellsop7l@si.edu,8ps3WlBSrRn
eroxbrough7m,http://dummyimage.com/225x134.png/dddddd/000000,chendin7m@timesonline.co.uk,ROcNhz11
kjonke7n,http://dummyimage.com/142x111.png/dddddd/000000,jodams7n@wix.com,U3GtKd81
smcdavid7o,http://dummyimage.com/128x154.jpg/5fa2dd/ffffff,hseverns7o@hao123.com,17ZuVXbdRP
cmenault7p,http://dummyimage.com/240x119.jpg/dddddd/000000,voflynn7p@wunderground.com,MalYsN
abricham7q,http://dummyimage.com/193x225.png/ff4444/ffffff,vswinn7q@google.pl,7H305m1nG
mglasscock7r,http://dummyimage.com/197x102.jpg/dddddd/000000,bclemmen7r@xing.com,tEyZR0WveNT
didenden7s,http://dummyimage.com/128x230.png/ff4444/ffffff,dblonfield7s@craigslist.org,JlxQDPxY1x
alaimable7t,http://dummyimage.com/180x235.bmp/dddddd/000000,zbroughton7t@hexun.com,FcUBOS
lcrosetto7u,http://dummyimage.com/104x217.png/cc0000/ffffff,aconibear7u@goo.ne.jp,oJ3gz6j
eallewell7v,http://dummyimage.com/130x118.jpg/ff4444/ffffff,kfawbert7v@vistaprint.com,nQb1t2
ndundon7w,http://dummyimage.com/131x142.png/dddddd/000000,emcentee7w@imageshack.us,AiFEkPh
dferrarini7x,http://dummyimage.com/134x184.jpg/dddddd/000000,aterrelly7x@walmart.com,Jk41cnGQw0D
bbloodworth7y,http://dummyimage.com/169x234.jpg/5fa2dd/ffffff,wtalboy7y@house.gov,WVs6nx7kQ
xbizzey7z,http://dummyimage.com/220x205.jpg/dddddd/000000,trablan7z@usnews.com,YhrysQd
rartz80,http://dummyimage.com/162x162.jpg/ff4444/ffffff,klemerie80@moonfruit.com,GxuEvcDaso
jlawlie81,http://dummyimage.com/184x227.png/dddddd/000000,npaddefield81@wp.com,IUwkVh1
gvaines82,http://dummyimage.com/163x229.bmp/5fa2dd/ffffff,wgallienne82@japanpost.jp,RGPEdt
amurrie83,http://dummyimage.com/199x199.bmp/5fa2dd/ffffff,dluciani83@xrea.com,yxiPUBzftDxD
mheinz84,http://dummyimage.com/236x195.jpg/dddddd/000000,tbroggio84@i2i.jp,q9DYDb4N4mP
nhawkin85,http://dummyimage.com/233x148.bmp/5fa2dd/ffffff,cpauel85@digg.com,Upibj1FJPSA
hnoir86,http://dummyimage.com/243x224.png/dddddd/000000,ksewall86@forbes.com,G0PjUPFXM
cbedell87,http://dummyimage.com/217x178.bmp/cc0000/ffffff,pbebb87@si.edu,gyUMnbHqRT
bcanavan88,http://dummyimage.com/166x229.bmp/5fa2dd/ffffff,wcorlett88@fotki.com,U4ZLDexhaO
owalklate89,http://dummyimage.com/103x127.jpg/5fa2dd/ffffff,cmaypes89@plala.or.jp,cdBu9BTt9
fberger8a,http://dummyimage.com/230x131.bmp/ff4444/ffffff,elightwood8a@usda.gov,q32XBgnZSF
azoppie8b,http://dummyimage.com/159x241.png/5fa2dd/ffffff,wsprigings8b@census.gov,vpqa4c
fgarrettson8c,http://dummyimage.com/247x182.bmp/cc0000/ffffff,jbrecknall8c@unicef.org,QbnJ9T76IG
pbeese8d,http://dummyimage.com/113x125.bmp/cc0000/ffffff,tbinne8d@independent.co.uk,quHATqfq
hbrolan8e,http://dummyimage.com/144x139.jpg/cc0000/ffffff,gkitney8e@livejournal.com,NosgGjm5
ehudghton8f,http://dummyimage.com/146x176.png/dddddd/000000,ssandever8f@livejournal.com,PPNgrWZL7
bmaith8g,http://dummyimage.com/161x125.png/5fa2dd/ffffff,sjanousek8g@go.com,eXIF4S
ccrooke8h,http://dummyimage.com/247x245.bmp/5fa2dd/ffffff,amottershaw8h@furl.net,qIA0C2miQJyx
bgiovanetti8i,http://dummyimage.com/110x115.jpg/cc0000/ffffff,amead8i@adobe.com,W952qnCbU
rreuble8j,http://dummyimage.com/138x158.jpg/5fa2dd/ffffff,ksyphus8j@plala.or.jp,5saZ4l6cN0h
chacket8k,http://dummyimage.com/243x171.jpg/dddddd/000000,jpeile8k@dyndns.org,Pr3R5j
bolenchenko8l,http://dummyimage.com/215x213.png/dddddd/000000,mcorneck8l@gizmodo.com,DES07PbrF
ldore8m,http://dummyimage.com/185x250.bmp/5fa2dd/ffffff,thinstock8m@amazon.com,96yqSyb4
cley8n,http://dummyimage.com/135x127.png/dddddd/000000,bfrodsam8n@amazonaws.com,BWlVo7F
hklempke8o,http://dummyimage.com/134x203.bmp/ff4444/ffffff,lcromett8o@omniture.com,b09wLT
rpaxforde8p,http://dummyimage.com/120x203.bmp/ff4444/ffffff,dpessel8p@cafepress.com,bX3Yd817VBf
alanfranconi8q,http://dummyimage.com/157x213.jpg/cc0000/ffffff,hashwood8q@vimeo.com,wBbHHKVvcD3z
apovele8r,http://dummyimage.com/147x203.jpg/cc0000/ffffff,dyeates8r@instagram.com,SNmZefjUr0
ulongrigg8s,http://dummyimage.com/133x112.bmp/dddddd/000000,kdolton8s@businessinsider.com,33a9Uglp76Z
vsibson8t,http://dummyimage.com/130x232.jpg/ff4444/ffffff,bwillerstone8t@ihg.com,ZFYTHZGPpnR
mmacfaell8u,http://dummyimage.com/223x101.jpg/5fa2dd/ffffff,jpatrie8u@wikia.com,DZis64
gdunne8v,http://dummyimage.com/222x145.png/5fa2dd/ffffff,vmaasze8v@jigsy.com,eHhf4A7T9
wcossor8w,http://dummyimage.com/154x203.jpg/5fa2dd/ffffff,lrigglesford8w@wikipedia.org,wXRJYyPDXA
jflahy8x,http://dummyimage.com/245x166.png/dddddd/000000,lwermerling8x@wordpress.org,Yk0JdUcf
dseago8y,http://dummyimage.com/216x113.bmp/ff4444/ffffff,pgoggen8y@ox.ac.uk,o7tbUzeNqUC
jlomond8z,http://dummyimage.com/107x230.jpg/5fa2dd/ffffff,wlichtfoth8z@google.com,1wQfwxLSAu
mtailby90,http://dummyimage.com/246x217.png/ff4444/ffffff,lsuttaby90@mail.ru,ZuivN7
agiovanardi91,http://dummyimage.com/117x197.jpg/ff4444/ffffff,bwhitefoot91@discuz.net,8IYXU0caQgI
khousegoe92,http://dummyimage.com/137x159.png/cc0000/ffffff,akemsley92@drupal.org,G6WxgRt
smedcalfe93,http://dummyimage.com/137x137.bmp/cc0000/ffffff,sclapison93@tiny.cc,Q5sIbK4k
kshergill94,http://dummyimage.com/194x120.png/5fa2dd/ffffff,pwedmore94@netscape.com,JF22yRvUQR
gingold95,http://dummyimage.com/233x186.jpg/dddddd/000000,ggrzegorzewicz95@illinois.edu,q79vg27LOj
jkits96,http://dummyimage.com/159x188.png/ff4444/ffffff,nstarrs96@boston.com,N2In4fwpcKk
gdesmond97,http://dummyimage.com/134x230.png/ff4444/ffffff,rmacro97@chron.com,V6C3URuyj
ydodgshon98,http://dummyimage.com/106x238.bmp/ff4444/ffffff,tgambie98@youku.com,r4qHbadTSvJ
lorniz99,http://dummyimage.com/200x196.jpg/ff4444/ffffff,fnilles99@auda.org.au,RcvpxsN
kkrysiak9a,http://dummyimage.com/209x130.jpg/5fa2dd/ffffff,ggoulston9a@china.com.cn,lmnbhsNQW
tbeere9b,http://dummyimage.com/112x107.png/ff4444/ffffff,cmelby9b@ca.gov,Ben1Zaf8
glage9c,http://dummyimage.com/215x144.png/dddddd/000000,bperton9c@dmoz.org,17kiKVpyTzc
lscawton9d,http://dummyimage.com/169x233.png/cc0000/ffffff,amoncreif9d@guardian.co.uk,bjrnjSiI
esamett9e,http://dummyimage.com/192x159.jpg/5fa2dd/ffffff,fdedrick9e@epa.gov,QhzU1I
etrevenu9f,http://dummyimage.com/150x118.bmp/5fa2dd/ffffff,mdubois9f@ovh.net,KYQq7HPn1Dw
stregent9g,http://dummyimage.com/240x246.jpg/cc0000/ffffff,mtidmas9g@yahoo.com,LJEhMFuwGlO
cpoxton9h,http://dummyimage.com/139x181.png/ff4444/ffffff,orackham9h@reference.com,kABL2HG3BR
wwetherhead9i,http://dummyimage.com/227x183.png/cc0000/ffffff,jwannop9i@npr.org,tzRUGX
rgarard9j,http://dummyimage.com/174x158.jpg/5fa2dd/ffffff,iwindebank9j@hubpages.com,colln8mso1o3
lzeal9k,http://dummyimage.com/143x134.png/5fa2dd/ffffff,dgarrison9k@webmd.com,FGnYiwE0D28s
lheyfield9l,http://dummyimage.com/108x138.png/cc0000/ffffff,acallen9l@drupal.org,srCNsU
jarundel9m,http://dummyimage.com/121x190.bmp/5fa2dd/ffffff,ebennington9m@topsy.com,wksV0Fh3pe0X
tsumpton9n,http://dummyimage.com/100x231.bmp/dddddd/000000,tdimitriades9n@amazon.de,hziNHH
mluca9o,http://dummyimage.com/118x127.png/ff4444/ffffff,kdarrington9o@geocities.com,jbuN0aL368y
penrietto9p,http://dummyimage.com/211x196.png/ff4444/ffffff,gcornell9p@yellowbook.com,oyhFVQ
aguard9q,http://dummyimage.com/114x167.jpg/ff4444/ffffff,svashchenko9q@angelfire.com,ZUmHn6
teasthope9r,http://dummyimage.com/245x216.jpg/ff4444/ffffff,rcosten9r@amazonaws.com,TbQZkSSr
ccahey9s,http://dummyimage.com/228x140.png/5fa2dd/ffffff,abaine9s@gravatar.com,Qm5OVL1p6L
gheselwood9t,http://dummyimage.com/127x132.jpg/dddddd/000000,kbilbrey9t@hatena.ne.jp,bamEnAwTZh7
oceresa9u,http://dummyimage.com/102x132.bmp/5fa2dd/ffffff,ndahlback9u@irs.gov,X8HW8tSoJCx
ccherrie9v,http://dummyimage.com/180x237.jpg/dddddd/000000,rhammel9v@opera.com,8XSeELnnE2
ktallow9w,http://dummyimage.com/179x150.jpg/ff4444/ffffff,bskpsey9w@paginegialle.it,2iprj1VYGiT7
sdobie9x,http://dummyimage.com/211x200.bmp/dddddd/000000,iricca9x@constantcontact.com,XjT7VLVl
jgothrup9y,http://dummyimage.com/106x138.png/cc0000/ffffff,dyanukhin9y@google.ca,auUbDMWd5Pjh
hmuglestone9z,http://dummyimage.com/166x107.png/dddddd/000000,bjollie9z@globo.com,xYba9gwGEI
hlongbothoma0,http://dummyimage.com/152x138.bmp/ff4444/ffffff,kmaclicea0@prweb.com,sk2Nt2gr7u
ewoollonsa1,http://dummyimage.com/226x207.jpg/5fa2dd/ffffff,acrumptona1@disqus.com,mkqw4u4UNj
nquereea2,http://dummyimage.com/191x222.jpg/cc0000/ffffff,mcottesforda2@dedecms.com,78oPgKKtJ
esilversmida3,http://dummyimage.com/235x168.jpg/ff4444/ffffff,jantonoyeva3@time.com,lMJ5kXzZ5Fa
bpuckrina4,http://dummyimage.com/109x191.bmp/dddddd/000000,dlelloa4@g.co,P1mGqNn
mdimmera5,http://dummyimage.com/227x152.jpg/cc0000/ffffff,mbooma5@furl.net,UDxXoWgEj
qcrimesa6,http://dummyimage.com/118x131.bmp/ff4444/ffffff,tmaestroa6@hc360.com,ZqHoQWJ
lgrimshawa7,http://dummyimage.com/144x209.bmp/5fa2dd/ffffff,rinderwicka7@unblog.fr,4qjPiCCHJP
jroggemana8,http://dummyimage.com/105x177.bmp/ff4444/ffffff,gsheardsa8@globo.com,3Rsv147jC3
ablasiusa9,http://dummyimage.com/102x142.jpg/5fa2dd/ffffff,lmaccalluma9@wufoo.com,1RlnNnRyD6
brobiouaa,http://dummyimage.com/147x190.bmp/cc0000/ffffff,tboldryaa@japanpost.jp,2gW0pLBXJVuY
dcolthardab,http://dummyimage.com/221x193.bmp/ff4444/ffffff,vloyndonab@mayoclinic.com,3i9d7Ng
marnaldoac,http://dummyimage.com/240x181.bmp/cc0000/ffffff,mseaac@hibu.com,ZsVnM9
barnelyad,http://dummyimage.com/183x119.jpg/5fa2dd/ffffff,dskaymanad@ft.com,bksowMiVF
vjilkesae,http://dummyimage.com/189x204.jpg/ff4444/ffffff,ewombwellae@google.pl,fgn62Yv
stweedlieaf,http://dummyimage.com/235x223.png/dddddd/000000,skirkmanaf@livejournal.com,FrLh42d15X
mhenighanag,http://dummyimage.com/174x223.png/5fa2dd/ffffff,hdearesag@hud.gov,cUpCTrDCGm
scostardah,http://dummyimage.com/236x220.bmp/5fa2dd/ffffff,phenighanah@salon.com,3aHuc8nB
gbirminghamai,http://dummyimage.com/215x190.bmp/5fa2dd/ffffff,belanai@vimeo.com,JYM3lTNAVdI
epoyntzaj,http://dummyimage.com/196x181.bmp/dddddd/000000,esmellieaj@goo.gl,H2aeS6U
gspaughtonak,http://dummyimage.com/154x153.png/cc0000/ffffff,pcallardak@nationalgeographic.com,levOj3PMKW
hottamal,http://dummyimage.com/184x169.jpg/ff4444/ffffff,nmatisseal@scribd.com,D9l8ZygfX
espauleam,http://dummyimage.com/111x151.png/5fa2dd/ffffff,ahanam@ted.com,eSfJOAgN5SK
bdeevesan,http://dummyimage.com/233x155.png/ff4444/ffffff,bhonatschan@odnoklassniki.ru,D7VnVH
dtonerao,http://dummyimage.com/241x241.jpg/ff4444/ffffff,dmowatao@fda.gov,he4fDct
otudbaldap,http://dummyimage.com/216x129.jpg/5fa2dd/ffffff,lminucciap@cam.ac.uk,XEDOzeabu0
vdunksaq,http://dummyimage.com/140x113.bmp/cc0000/ffffff,mmargerrisonaq@t-online.de,3HbbrlnFxsz
hshynnar,http://dummyimage.com/235x244.png/dddddd/000000,ahandrekar@hhs.gov,JdLp5zu
lswaileas,http://dummyimage.com/150x213.jpg/dddddd/000000,mconneelyas@clickbank.net,qI2Qkm
peubankat,http://dummyimage.com/116x193.jpg/5fa2dd/ffffff,gdawsat@msn.com,ez4W7oQA
gisbellau,http://dummyimage.com/167x142.bmp/dddddd/000000,rlemoirau@ihg.com,rDTyvTSLEVu
eskedgeav,http://dummyimage.com/198x173.jpg/ff4444/ffffff,gbabbageav@delicious.com,7sVJ0y
aleeaw,http://dummyimage.com/191x222.png/5fa2dd/ffffff,kpepperellaw@state.tx.us,2SMcq60
akasax,http://dummyimage.com/160x192.bmp/cc0000/ffffff,elouchax@kickstarter.com,WbRiAupc91Cs
rlomasay,http://dummyimage.com/135x150.jpg/ff4444/ffffff,pmcgleway@nationalgeographic.com,ePwejeAM32S
gyouelaz,http://dummyimage.com/103x206.jpg/ff4444/ffffff,asabbertonaz@nhs.uk,fB5u2eatn
tdruceb0,http://dummyimage.com/212x210.png/dddddd/000000,bhemsteadb0@g.co,9gZd6hO91di
tgrethamb1,http://dummyimage.com/241x218.bmp/dddddd/000000,gscrowstonb1@paypal.com,YomFSwsD5BX
rpadyb2,http://dummyimage.com/244x238.png/ff4444/ffffff,aibbotsonb2@cargocollective.com,hw03vnn
amedcalfb3,http://dummyimage.com/187x184.png/dddddd/000000,colivetib3@answers.com,GtpYXj
gclutterhamb4,http://dummyimage.com/232x142.jpg/dddddd/000000,lhallawellb4@geocities.jp,OdPnHVrrzhqb
gmozzettib5,http://dummyimage.com/184x181.png/ff4444/ffffff,cdeaneb5@reddit.com,TZWnviC5HHq
sbroadhurstb6,http://dummyimage.com/205x214.jpg/dddddd/000000,ooverilb6@msu.edu,k7kDoee5Yj
ngiamuzzob7,http://dummyimage.com/238x223.jpg/dddddd/000000,bbernonb7@google.de,s5w6tJ
swerendellb8,http://dummyimage.com/136x199.bmp/ff4444/ffffff,jleggonb8@a8.net,qjokT5PFRVY
chadyeb9,http://dummyimage.com/167x106.jpg/dddddd/000000,acanedob9@pbs.org,yYf7h5RdI
eaitkenheadba,http://dummyimage.com/197x159.bmp/5fa2dd/ffffff,tmairba@msn.com,VCA1CQEFZpQF
gboffeybb,http://dummyimage.com/238x186.jpg/ff4444/ffffff,mbampforthbb@quantcast.com,QCWHcQrzA
fgolthorppbc,http://dummyimage.com/183x198.bmp/5fa2dd/ffffff,robradanebc@dell.com,nbA0wHPYd
fcalderheadbd,http://dummyimage.com/207x168.bmp/ff4444/ffffff,agoudmanbd@whitehouse.gov,RdjkSoDJj
ojelksbe,http://dummyimage.com/219x100.jpg/ff4444/ffffff,gbrownhillbe@skype.com,7H9dYB4OxLYw
kgrinsdalebf,http://dummyimage.com/226x228.png/5fa2dd/ffffff,ipendrickbf@columbia.edu,js3QbWHWc
sbrandsenbg,http://dummyimage.com/170x160.bmp/dddddd/000000,mvanderbruggebg@harvard.edu,Y8IWOWeme0q
rbygravesbh,http://dummyimage.com/171x210.jpg/cc0000/ffffff,vgrottybh@seesaa.net,tWstYgv
qgaveltonebi,http://dummyimage.com/162x100.jpg/cc0000/ffffff,jmottleybi@imageshack.us,VX8BsBDsFl
jhassallbj,http://dummyimage.com/206x100.jpg/ff4444/ffffff,pmedlingbj@cyberchimps.com,CfVJhkAmtM
teskrietbk,http://dummyimage.com/143x206.jpg/5fa2dd/ffffff,sgudginbk@uol.com.br,8C5juHpu
ejannequinbl,http://dummyimage.com/209x149.jpg/5fa2dd/ffffff,ndoneganbl@imgur.com,agG1YkVP
scrampseybm,http://dummyimage.com/239x154.jpg/5fa2dd/ffffff,bjaqueminetbm@behance.net,CgfrxNzEk4H
mdreakinbn,http://dummyimage.com/158x237.jpg/dddddd/000000,odemougeotbn@boston.com,mKrTnDWKO
adamrelbo,http://dummyimage.com/190x182.jpg/cc0000/ffffff,tguerrazzibo@nhs.uk,wdFkWsJcJX
rfisbybp,http://dummyimage.com/121x101.jpg/dddddd/000000,mluxfordbp@census.gov,LTemlL
lbailesbq,http://dummyimage.com/206x108.bmp/dddddd/000000,dheadanbq@ed.gov,IQnNYiXgJs
dwissonbr,http://dummyimage.com/197x166.png/5fa2dd/ffffff,jpoynserbr@tripadvisor.com,0ro72dxIHk
cslaynybs,http://dummyimage.com/158x220.jpg/cc0000/ffffff,asmogurbs@microsoft.com,k2pjgShT19
scastagnonebt,http://dummyimage.com/198x154.png/dddddd/000000,fdaunterbt@cbsnews.com,rgkAVkKvoyF
drousbu,http://dummyimage.com/193x163.bmp/ff4444/ffffff,afloribu@github.com,r1apkrmnPH
lbownessbv,http://dummyimage.com/179x226.bmp/ff4444/ffffff,cstledgerbv@washington.edu,RULgMbFtq
lhodgesbw,http://dummyimage.com/189x178.jpg/dddddd/000000,btreskebw@newsvine.com,5unFHRDeeoY
jyokelbx,http://dummyimage.com/146x224.bmp/dddddd/000000,rdarthebx@plala.or.jp,plhqIscI6Umk
iboigby,http://dummyimage.com/117x170.png/dddddd/000000,drichtby@woothemes.com,7j6WnQkoa
hkilshallbz,http://dummyimage.com/159x159.bmp/5fa2dd/ffffff,wpardybz@devhub.com,ixClnlbcfMPn
tbramec0,http://dummyimage.com/163x194.jpg/dddddd/000000,rzanittic0@smugmug.com,ne6byoB
frisbiec1,http://dummyimage.com/217x124.bmp/ff4444/ffffff,nocannovanec1@microsoft.com,yWreyuHo
bantowskic2,http://dummyimage.com/109x172.jpg/ff4444/ffffff,ebiggadikec2@ow.ly,tvkAu1y3KzX2
rbrakec3,http://dummyimage.com/140x144.png/cc0000/ffffff,kmaypotherc3@bluehost.com,UnAo0sfgAokQ
squarringtonc4,http://dummyimage.com/184x182.bmp/dddddd/000000,lsachnoc4@mlb.com,CzAO1Rk
eeadmeadsc5,http://dummyimage.com/142x209.png/5fa2dd/ffffff,ssivec5@tuttocitta.it,TARb145753A
dweighc6,http://dummyimage.com/201x177.jpg/ff4444/ffffff,equesnec6@icq.com,4gRx9WYf8
ccrichleyc7,http://dummyimage.com/116x209.jpg/dddddd/000000,lkonertc7@posterous.com,Iuyo3SsMEJQV
tdugaldc8,http://dummyimage.com/163x141.png/cc0000/ffffff,bwakefieldc8@tumblr.com,Yhdqg3Wla
tdawnayc9,http://dummyimage.com/131x142.png/cc0000/ffffff,ccostelloec9@theatlantic.com,75vUpQ
sabbatinica,http://dummyimage.com/198x158.png/cc0000/ffffff,rplumbleyca@jigsy.com,d8f4alAQ1
kkubancb,http://dummyimage.com/204x110.jpg/cc0000/ffffff,lwastallcb@smugmug.com,DVncciezSzk
ccastagnecc,http://dummyimage.com/136x146.jpg/cc0000/ffffff,rtomczakcc@tripod.com,hNigraGI
elavistecd,http://dummyimage.com/195x197.jpg/ff4444/ffffff,faldrincd@marriott.com,k58DKB6Mg
lniccollsce,http://dummyimage.com/161x231.bmp/ff4444/ffffff,ystannersce@guardian.co.uk,fMEWSVwcK0O
tgandertoncf,http://dummyimage.com/103x212.bmp/5fa2dd/ffffff,elongmatecf@quantcast.com,JI1ZQOsN
akornelcg,http://dummyimage.com/142x190.jpg/ff4444/ffffff,bminearcg@networkadvertising.org,D6OrsqCsdHd
hbumbych,http://dummyimage.com/180x180.jpg/ff4444/ffffff,jsilverch@usatoday.com,jtgwprWjg4
travenscrofttci,http://dummyimage.com/120x192.bmp/dddddd/000000,anessci@w3.org,E60qD5fBmt
sellinghamcj,http://dummyimage.com/203x225.jpg/ff4444/ffffff,sdybbecj@quantcast.com,neMFszWu
fgreddenck,http://dummyimage.com/131x173.png/ff4444/ffffff,ldevilleck@imdb.com,BOvW6Mv5Zd
svaldescl,http://dummyimage.com/203x118.png/5fa2dd/ffffff,nlovelockcl@mozilla.org,ESMegs056T
kmcalindencm,http://dummyimage.com/111x239.jpg/5fa2dd/ffffff,wmorotcm@bigcartel.com,yNZYXnDh
atrowelcn,http://dummyimage.com/114x199.jpg/dddddd/000000,gaxellcn@amazon.co.jp,U53BUcQyfB7
tmacgowingco,http://dummyimage.com/202x195.bmp/cc0000/ffffff,croxbeeco@livejournal.com,pVoBvVrFui0J
ldobbisoncp,http://dummyimage.com/165x172.png/cc0000/ffffff,dkinvancp@webs.com,cjtcVu
kbiddlescq,http://dummyimage.com/164x192.bmp/5fa2dd/ffffff,tstobbscq@disqus.com,JuC9im
nleprovestcr,http://dummyimage.com/245x225.bmp/cc0000/ffffff,jbulchcr@drupal.org,o18WBXFU
mbonincs,http://dummyimage.com/237x105.jpg/ff4444/ffffff,rtricecs@instagram.com,VvJaIfK
vcosseyct,http://dummyimage.com/107x142.jpg/cc0000/ffffff,buwinsct@answers.com,UAJnv9nAZM3o
btrantercu,http://dummyimage.com/205x243.png/ff4444/ffffff,lalasdaircu@samsung.com,mLBPyYk63MXs
cfarocv,http://dummyimage.com/215x197.bmp/ff4444/ffffff,abehaggcv@hud.gov,pB5vg5Ihb52m
ssheddcw,http://dummyimage.com/155x123.png/cc0000/ffffff,itaffreycw@so-net.ne.jp,3gm6v3u1KuPL
ymewiscx,http://dummyimage.com/139x118.bmp/5fa2dd/ffffff,pdaldrycx@ucsd.edu,CuhTOMe2
sdragoecy,http://dummyimage.com/101x209.png/dddddd/000000,tcatterickcy@istockphoto.com,7bz4nZLNbW
mtennewellcz,http://dummyimage.com/177x212.png/ff4444/ffffff,sclimiecz@ezinearticles.com,CfpAyB4ElCk
hharwoodd0,http://dummyimage.com/147x168.png/dddddd/000000,benneverd0@wisc.edu,PZd7O12UcEjj
lgilksd1,http://dummyimage.com/150x128.jpg/ff4444/ffffff,ajefferysd1@yahoo.co.jp,aLZDcJFOVb
fponcetd2,http://dummyimage.com/124x245.png/ff4444/ffffff,kentwisled2@pcworld.com,635XBnNxE2G
ebygraved3,http://dummyimage.com/228x139.bmp/cc0000/ffffff,bscoinesd3@php.net,QdfHxdnoz
pgatchd4,http://dummyimage.com/134x210.png/ff4444/ffffff,jhuggilld4@amazon.de,5Xdur5DpJE
drylandsd5,http://dummyimage.com/185x153.bmp/dddddd/000000,slemarquandd5@skyrock.com,wq4hpgg
rledbetterd6,http://dummyimage.com/215x132.jpg/cc0000/ffffff,rmcgillivried6@mac.com,jaJOxKOWvWYN
ggonsalvezd7,http://dummyimage.com/107x216.png/dddddd/000000,preyburnd7@cyberchimps.com,s96Hs7S
jegiloffd8,http://dummyimage.com/151x124.bmp/5fa2dd/ffffff,tgodlyd8@rakuten.co.jp,fnLe7yENV
nbrittand9,http://dummyimage.com/192x195.jpg/dddddd/000000,abanthamd9@shareasale.com,2ELcCy
truppeleda,http://dummyimage.com/128x249.jpg/5fa2dd/ffffff,dbrasseda@lycos.com,cocOBZ
whenkensdb,http://dummyimage.com/101x113.png/5fa2dd/ffffff,enormandb@privacy.gov.au,ay09Dwr4RdGG
medesondc,http://dummyimage.com/194x184.jpg/cc0000/ffffff,pyessondc@tinypic.com,esppeZ
kgegaydd,http://dummyimage.com/180x119.bmp/cc0000/ffffff,dcullindd@goo.gl,lVXLF1P
cslogravede,http://dummyimage.com/110x177.png/dddddd/000000,mwacklyde@yellowpages.com,kXRyDI
kstenbridgedf,http://dummyimage.com/237x248.bmp/ff4444/ffffff,ktilberrydf@seattletimes.com,OJIIvvZ8LvF0
nwengerdg,http://dummyimage.com/150x158.jpg/dddddd/000000,rduforedg@indiegogo.com,BBZqrsBzX
adregerdh,http://dummyimage.com/154x210.jpg/dddddd/000000,cmoaklerdh@java.com,uws8hFydXUN
ctreasuredi,http://dummyimage.com/103x176.jpg/cc0000/ffffff,kshenfishdi@java.com,aB3I87lB
acornelissendj,http://dummyimage.com/142x200.png/ff4444/ffffff,rbuttreydj@meetup.com,2QOgQQKD
lhouchendk,http://dummyimage.com/199x164.bmp/dddddd/000000,bwassondk@surveymonkey.com,37BJNQXQ78j
mwarlanddl,http://dummyimage.com/181x233.bmp/dddddd/000000,crodolphedl@i2i.jp,Fp1qvAudL
coldalldm,http://dummyimage.com/138x117.bmp/dddddd/000000,rfroschdm@dot.gov,he1cgN4ubE
gbillsondn,http://dummyimage.com/219x189.bmp/ff4444/ffffff,cgavinidn@rediff.com,qK74REfKF
vmckeowondo,http://dummyimage.com/197x220.bmp/cc0000/ffffff,jmunningdo@prnewswire.com,tMexI8u
pmanginotdp,http://dummyimage.com/171x167.png/ff4444/ffffff,ckettleydp@zdnet.com,B4tFtQViC
lallrightdq,http://dummyimage.com/143x188.jpg/5fa2dd/ffffff,arapkinsdq@arstechnica.com,xDGiVuPux1t
aleberdr,http://dummyimage.com/137x185.bmp/ff4444/ffffff,rfostersmithdr@w3.org,HANKj5IiGR
lgrigoryevds,http://dummyimage.com/195x239.jpg/5fa2dd/ffffff,ahousends@naver.com,zCuDRQMjSZW
tcoeydt,http://dummyimage.com/171x201.jpg/dddddd/000000,tbronotdt@yahoo.co.jp,8nS3oWiyUJS
fgernierdu,http://dummyimage.com/125x234.png/5fa2dd/ffffff,ineatedu@woothemes.com,SoBUloF9
ssollittdv,http://dummyimage.com/134x179.bmp/ff4444/ffffff,ptrevascusdv@icq.com,U0bxyKgrrY
jfeverdw,http://dummyimage.com/242x131.bmp/cc0000/ffffff,mtabarddw@merriam-webster.com,fUd8xPA
eraubheimdx,http://dummyimage.com/232x170.bmp/cc0000/ffffff,awhettletondx@hugedomains.com,IFLLiXHv4
rdeclercdy,http://dummyimage.com/148x141.bmp/dddddd/000000,pluetkemeyerdy@behance.net,kacCIas
mmackissackdz,http://dummyimage.com/178x123.bmp/dddddd/000000,bsimisondz@unc.edu,UhQvrOqk
bglasermane0,http://dummyimage.com/138x194.jpg/5fa2dd/ffffff,bifille0@issuu.com,sYdpkLv6
kgoaree1,http://dummyimage.com/136x201.png/dddddd/000000,ckitleye1@unblog.fr,AkvUkiol7vB
mkopkee2,http://dummyimage.com/221x234.png/dddddd/000000,jnashee2@nsw.gov.au,0OlNZId
rdybalde3,http://dummyimage.com/114x183.jpg/5fa2dd/ffffff,lschlagtmanse3@theglobeandmail.com,DC6A4B
svanhovee4,http://dummyimage.com/174x143.png/cc0000/ffffff,hpackingtone4@is.gd,WF6GVWRZ3i79
cgeevese5,http://dummyimage.com/231x127.jpg/ff4444/ffffff,arenshalle5@tuttocitta.it,KSYgwG
cganiforde6,http://dummyimage.com/112x139.jpg/dddddd/000000,sdupoye6@sitemeter.com,qSizWkL41L1z
cskermere7,http://dummyimage.com/122x183.jpg/ff4444/ffffff,bswindleye7@sohu.com,XVQunM2z
mjendase8,http://dummyimage.com/169x187.jpg/ff4444/ffffff,jgollye8@fda.gov,9WeYtmtQLLq
wmacaskiee9,http://dummyimage.com/186x243.jpg/5fa2dd/ffffff,lcrootee9@shutterfly.com,xQEF9u7kI
kkleenea,http://dummyimage.com/127x107.png/ff4444/ffffff,csemmenceea@gmpg.org,DuelRcSnl
hdibdeneb,http://dummyimage.com/234x160.bmp/ff4444/ffffff,ebramicheb@ft.com,myQSghI
cnassyec,http://dummyimage.com/107x105.png/ff4444/ffffff,geverillec@nature.com,Yr5ouY6M
jliverseegeed,http://dummyimage.com/106x171.jpg/5fa2dd/ffffff,wleachmaned@netvibes.com,aV0iJCFk
djozefowiczee,http://dummyimage.com/127x136.png/5fa2dd/ffffff,hsibbeee@ted.com,ceYntfbCfQXv
tbuggsef,http://dummyimage.com/201x131.jpg/ff4444/ffffff,tpagninef@blog.com,wWbBBD5TY
pvineyeg,http://dummyimage.com/157x162.jpg/cc0000/ffffff,jheyfieldeg@163.com,VvA5odjTB1u
alegheh,http://dummyimage.com/224x129.png/dddddd/000000,acharplingeh@boston.com,LUbqvh
lhanmerei,http://dummyimage.com/245x197.bmp/dddddd/000000,gpellettei@instagram.com,UDW6s5VUrYDm
zmatussowej,http://dummyimage.com/201x156.bmp/ff4444/ffffff,rlerwayej@squidoo.com,Q1hwoCFOs7
omccomishek,http://dummyimage.com/199x118.bmp/5fa2dd/ffffff,equarringtonek@hao123.com,PXfhb1iUZPir
pstollenbeckel,http://dummyimage.com/110x241.png/cc0000/ffffff,crubkeel@ucsd.edu,LE6WwIY
bgodferyem,http://dummyimage.com/146x176.bmp/dddddd/000000,fheskinsem@gnu.org,Ofr8jkh7ao
aputlanden,http://dummyimage.com/131x245.bmp/5fa2dd/ffffff,reighteenen@foxnews.com,VKMI2j61vDH
gchestneyeo,http://dummyimage.com/188x208.png/5fa2dd/ffffff,mwilcockeseo@tuttocitta.it,C3StvebwQ
rferonetep,http://dummyimage.com/131x171.jpg/dddddd/000000,areaveleyep@barnesandnoble.com,7bMb8sP2S
koutibridgeeq,http://dummyimage.com/105x195.bmp/5fa2dd/ffffff,mdorboneq@phpbb.com,SCnnY4B
gcrichmereer,http://dummyimage.com/116x185.png/ff4444/ffffff,lisworther@blinklist.com,4vgZxlzt
rbarrittes,http://dummyimage.com/241x214.png/cc0000/ffffff,wconnales@cdbaby.com,2SHb0a
sdudbridgeet,http://dummyimage.com/208x167.bmp/cc0000/ffffff,rwhitebreadet@foxnews.com,5e6aifYuS
asebastianeu,http://dummyimage.com/129x250.bmp/ff4444/ffffff,maldreneu@people.com.cn,7gdyLj0xDLy
tdowseyev,http://dummyimage.com/121x168.bmp/5fa2dd/ffffff,abamlettev@flickr.com,dUv7bUrI5
sswindellsew,http://dummyimage.com/117x139.png/cc0000/ffffff,oroddyew@wufoo.com,gxRu3jI
mrobbertsex,http://dummyimage.com/111x215.jpg/ff4444/ffffff,bundrellex@icio.us,fUvxZQrU2
dgleetoney,http://dummyimage.com/181x141.bmp/cc0000/ffffff,vgarfordey@about.me,CLy4dTRDfTmV
dfirpoez,http://dummyimage.com/131x217.png/dddddd/000000,pharrapez@parallels.com,xdWZnIZkGgth
gsonleyf0,http://dummyimage.com/241x183.bmp/5fa2dd/ffffff,ngorvettef0@gnu.org,a9JHnBT1Ht
uplaskettf1,http://dummyimage.com/138x149.png/5fa2dd/ffffff,mdaviddef1@booking.com,5hV8PJ
pderobertf2,http://dummyimage.com/126x114.bmp/cc0000/ffffff,bpurdief2@nbcnews.com,42TrVotL
fsemperf3,http://dummyimage.com/121x126.jpg/ff4444/ffffff,dguionf3@yahoo.co.jp,6cerVf4rkZN
fseabournef4,http://dummyimage.com/187x102.png/5fa2dd/ffffff,qpaxtonf4@arstechnica.com,YkhjQFiS4hsV
lvoglf5,http://dummyimage.com/201x186.jpg/5fa2dd/ffffff,rtiremanf5@unicef.org,XYJDW5
lledwithf6,http://dummyimage.com/208x117.bmp/ff4444/ffffff,pbicklef6@multiply.com,QYyzio8pmzg9
gtrangmarf7,http://dummyimage.com/150x134.jpg/cc0000/ffffff,belrickf7@mail.ru,dAnAt8x6
psibleyf8,http://dummyimage.com/119x181.png/5fa2dd/ffffff,hfranschinif8@adobe.com,REytWlES3T6O
acartnerf9,http://dummyimage.com/191x242.bmp/cc0000/ffffff,lgrovehamf9@dyndns.org,1UmTVk9MK
uhawtreyfa,http://dummyimage.com/126x212.png/ff4444/ffffff,gborthfa@fastcompany.com,3k7EEo8p
arosendallfb,http://dummyimage.com/228x179.jpg/dddddd/000000,mseaversfb@biblegateway.com,s5I9hyKn6X
hcowiefc,http://dummyimage.com/143x125.png/dddddd/000000,tsowtenfc@gov.uk,9tZoVXXmKb1
cdreverfd,http://dummyimage.com/243x103.bmp/cc0000/ffffff,lstainfieldfd@google.it,gmoGzwcIGb
cfolcarellife,http://dummyimage.com/179x143.png/5fa2dd/ffffff,pwigleyfe@nifty.com,I7IchYQ1X
enelaneff,http://dummyimage.com/233x156.jpg/5fa2dd/ffffff,dalexandrouff@pinterest.com,xdub3Z2G
wdartefg,http://dummyimage.com/168x153.bmp/ff4444/ffffff,zfauldsfg@printfriendly.com,hUGPwpNs
dbreretonfh,http://dummyimage.com/126x106.png/cc0000/ffffff,nguslonfh@blogger.com,VEI6n53micI
mgoadfi,http://dummyimage.com/204x196.bmp/ff4444/ffffff,jraynesfi@biblegateway.com,PIOWfSzTGTA
cgrigorievfj,http://dummyimage.com/232x192.bmp/cc0000/ffffff,jkidbyfj@instagram.com,8DOzseK
gzuannfk,http://dummyimage.com/181x203.bmp/dddddd/000000,spierrepointfk@ucsd.edu,S1v6OU8J5X
lhavillfl,http://dummyimage.com/196x221.jpg/ff4444/ffffff,cmenlovefl@virginia.edu,9DlxUDFj
snanafm,http://dummyimage.com/142x187.bmp/ff4444/ffffff,eolekhovfm@bluehost.com,0pt7ekRFAF8
ssemkenfn,http://dummyimage.com/206x246.jpg/5fa2dd/ffffff,aprandonifn@imgur.com,PhZVxFxZ
cfloodgatefo,http://dummyimage.com/102x150.jpg/cc0000/ffffff,lhabbesfo@imgur.com,T1bTsH2CvWCm
awolseleyfp,http://dummyimage.com/201x145.bmp/5fa2dd/ffffff,pmcalesterfp@g.co,mzbfkJ
ldibblefq,http://dummyimage.com/116x113.png/cc0000/ffffff,gogormanfq@mail.ru,H26BedHQ
cblackaderfr,http://dummyimage.com/213x158.bmp/5fa2dd/ffffff,rpehrssonfr@about.me,9eQaqbNcI
hmenhenittfs,http://dummyimage.com/183x164.png/dddddd/000000,cpurvessfs@harvard.edu,ecdebyoUTsy
sbevansft,http://dummyimage.com/174x122.png/cc0000/ffffff,badenotft@joomla.org,g40n55N
blowlefu,http://dummyimage.com/212x106.bmp/dddddd/000000,nagentfu@networkadvertising.org,hyVtIqHKxzR
kspirafv,http://dummyimage.com/244x176.png/dddddd/000000,dlewsamfv@timesonline.co.uk,hpIfeUcb
hamdohrfw,http://dummyimage.com/168x159.png/5fa2dd/ffffff,tlindenbluthfw@uiuc.edu,ClF4tqP9Aq1
supjohnfx,http://dummyimage.com/221x141.jpg/ff4444/ffffff,jbonallickfx@hostgator.com,22lrouB
lmcilroyfy,http://dummyimage.com/235x100.bmp/cc0000/ffffff,eclemintonify@businesswire.com,FjG7m3DDyDv9
vdarkinsfz,http://dummyimage.com/169x211.jpg/5fa2dd/ffffff,kduckerinfz@github.com,a8JJ3CGd
mlempennyg0,http://dummyimage.com/117x194.bmp/dddddd/000000,afluxg0@shutterfly.com,IC0Z2mj8MvWm
iyurinovg1,http://dummyimage.com/230x142.png/ff4444/ffffff,jsainteaug1@google.ru,pxClJqpduP
amanvilleg2,http://dummyimage.com/247x110.jpg/dddddd/000000,cherriesg2@4shared.com,S7gIuLE3AvjL
zcornewg3,http://dummyimage.com/104x153.jpg/5fa2dd/ffffff,craycroftg3@archive.org,vLYyxO7os
rscoffinsg4,http://dummyimage.com/153x215.jpg/dddddd/000000,hscrubyg4@hibu.com,H03PrNM3N
mbodeng5,http://dummyimage.com/152x204.jpg/cc0000/ffffff,mgeroldg5@drupal.org,lD4LwQd9G32
efairchildg6,http://dummyimage.com/178x246.png/5fa2dd/ffffff,rmartellinig6@census.gov,3jrlCV
wpostlethwaiteg7,http://dummyimage.com/186x196.jpg/ff4444/ffffff,cloveg7@liveinternet.ru,WEORl0fq
rbaudinellig8,http://dummyimage.com/192x185.png/dddddd/000000,ohartoppg8@google.com,pYGg0EodST0
ckellg9,http://dummyimage.com/226x197.bmp/dddddd/000000,rhumbertg9@altervista.org,AHlG1ZL
nfriddga,http://dummyimage.com/179x122.bmp/ff4444/ffffff,mlofthousega@businessinsider.com,PfOuvY
psoppergb,http://dummyimage.com/240x147.jpg/cc0000/ffffff,truegb@tripadvisor.com,OMqkQGUZRH3
cbrickhillgc,http://dummyimage.com/131x194.png/dddddd/000000,aashbeegc@cargocollective.com,jw13JcYY1eIG
rwroathgd,http://dummyimage.com/161x139.bmp/ff4444/ffffff,sbeingd@unblog.fr,AekWKv
okingwellge,http://dummyimage.com/235x191.png/5fa2dd/ffffff,gtinnerge@oracle.com,XU5FnUVHD4Xk
selcoategf,http://dummyimage.com/122x192.jpg/ff4444/ffffff,lduckhamgf@slashdot.org,L8OOLQiGNd
ftillotgg,http://dummyimage.com/210x246.png/5fa2dd/ffffff,pbeetlestonegg@wordpress.org,1uSDL0RpuPw
mlindhegh,http://dummyimage.com/201x102.bmp/cc0000/ffffff,hsuffgh@sbwire.com,5WGrkbo
hjansongi,http://dummyimage.com/165x230.jpg/5fa2dd/ffffff,ffranciskiewiczgi@who.int,buYGtgas0XK
ttreegj,http://dummyimage.com/146x231.png/5fa2dd/ffffff,wbortolottigj@webs.com,nWXVerZBD
sgladbachgk,http://dummyimage.com/244x115.jpg/dddddd/000000,jperellogk@wsj.com,BIzEV7BzFOSW
ndriscollgl,http://dummyimage.com/149x204.png/ff4444/ffffff,tcrawleygl@naver.com,kIH2iY7
lfrowdegm,http://dummyimage.com/122x239.bmp/ff4444/ffffff,cquakleygm@ask.com,UgvO9Yp
bkaysgn,http://dummyimage.com/163x197.png/cc0000/ffffff,ejaskowiczgn@samsung.com,0KmmisQ
hbeurichgo,http://dummyimage.com/100x226.png/5fa2dd/ffffff,ewranklinggo@typepad.com,r4DtZdy
flownesgp,http://dummyimage.com/171x197.png/5fa2dd/ffffff,sinnotgp@disqus.com,8beDVhZ
lspelmangq,http://dummyimage.com/120x144.png/5fa2dd/ffffff,rrodenburggq@wikia.com,0B8uxKiFq
cbarriegr,http://dummyimage.com/144x230.jpg/dddddd/000000,omccookegr@yolasite.com,jPOsAk2ski
jchristongs,http://dummyimage.com/129x238.bmp/cc0000/ffffff,atweedygs@freewebs.com,rOjvxtHO
wwonesgt,http://dummyimage.com/241x201.bmp/cc0000/ffffff,opudneygt@si.edu,35gPCNmnE
ktowsegu,http://dummyimage.com/106x101.bmp/cc0000/ffffff,vpizzeygu@php.net,5V2BOWb9X
ljorckgv,http://dummyimage.com/184x245.jpg/ff4444/ffffff,edigancegv@hubpages.com,fC3lSls
mhallasgw,http://dummyimage.com/108x157.png/dddddd/000000,ebothiegw@foxnews.com,bJxFFr
ctillardgx,http://dummyimage.com/188x128.png/5fa2dd/ffffff,tcamseygx@opera.com,kDFDfZ7bA9
kchablegy,http://dummyimage.com/221x123.png/5fa2dd/ffffff,jroddagy@jalbum.net,UDYqqBOChBM
rgaskinggz,http://dummyimage.com/161x246.png/ff4444/ffffff,bgilchristgz@twitpic.com,4C1vG37x
sripleyh0,http://dummyimage.com/141x113.png/cc0000/ffffff,gsheavillsh0@sogou.com,tgBhy79qVF
bjenkinsh1,http://dummyimage.com/185x233.jpg/5fa2dd/ffffff,smarcussenh1@salon.com,mpKgOFxAMmmm
ddezamorah2,http://dummyimage.com/223x130.png/cc0000/ffffff,hsautterh2@jimdo.com,RHJM1il
aviscoh3,http://dummyimage.com/175x125.jpg/5fa2dd/ffffff,srochellh3@cmu.edu,3joBW2c
gpotkinh4,http://dummyimage.com/183x234.jpg/cc0000/ffffff,jmerretth4@slashdot.org,YHOEP3
gpellerh5,http://dummyimage.com/129x170.bmp/5fa2dd/ffffff,mronischh5@flavors.me,eGZphRU7hF
usnowballh6,http://dummyimage.com/111x109.png/dddddd/000000,wcharlickh6@chicagotribune.com,QSD9ShVxY
wplentyh7,http://dummyimage.com/250x173.bmp/dddddd/000000,jwheatleyh7@goo.gl,8U2C8zaLQ
ncajklerh8,http://dummyimage.com/131x163.jpg/5fa2dd/ffffff,amiellh8@prnewswire.com,hPHTEmLV9
hsudranh9,http://dummyimage.com/131x127.bmp/5fa2dd/ffffff,bbyngh9@blogs.com,bWzQo73soGH
lcornsha,http://dummyimage.com/136x192.bmp/dddddd/000000,blangstonha@nationalgeographic.com,Ko5XRbGd
spoorehb,http://dummyimage.com/200x166.bmp/cc0000/ffffff,apietrowskihb@networksolutions.com,sw0uvb5cSn
mcullumhc,http://dummyimage.com/213x124.bmp/5fa2dd/ffffff,ifreakehc@loc.gov,6OJpHA1HcYD
jbeebehd,http://dummyimage.com/174x153.jpg/5fa2dd/ffffff,rrobersonhd@prlog.org,2q9x5LBF8
snorhenyhe,http://dummyimage.com/236x144.jpg/ff4444/ffffff,srenwickhe@nps.gov,rTZkrYDn
sstandishbrookshf,http://dummyimage.com/140x119.png/cc0000/ffffff,eghironhf@digg.com,txNbwM2
khandrokhg,http://dummyimage.com/129x235.png/cc0000/ffffff,mpostancehg@joomla.org,Of580ri
zdysterhh,http://dummyimage.com/222x128.png/5fa2dd/ffffff,grewanhh@bizjournals.com,1hC6OvFesZJ
dschiellhi,http://dummyimage.com/219x157.jpg/cc0000/ffffff,cpurveyhi@cocolog-nifty.com,0XpKY0lBydpR
gschimannhj,http://dummyimage.com/240x141.png/dddddd/000000,jsinkinhj@odnoklassniki.ru,Oii9iQELU
imonginhk,http://dummyimage.com/209x226.png/ff4444/ffffff,tlochhk@statcounter.com,8H3jgfN
jarmandhl,http://dummyimage.com/185x195.bmp/5fa2dd/ffffff,hleyhl@privacy.gov.au,rCyXYkjEQ
friggshm,http://dummyimage.com/203x186.bmp/ff4444/ffffff,ascholzhm@1688.com,t6o9E347fcSl
lmacskeaghanhn,http://dummyimage.com/115x185.jpg/5fa2dd/ffffff,lyansonshn@archive.org,Irc20MqMKg
wgayho,http://dummyimage.com/120x123.jpg/5fa2dd/ffffff,msqueersho@hexun.com,ROAN8P
daxbyhp,http://dummyimage.com/219x100.jpg/dddddd/000000,cmcturleyhp@github.io,3ILMTJY3bGnR
cstutherhq,http://dummyimage.com/121x206.bmp/cc0000/ffffff,bpottehq@ed.gov,7vdkxv
edochertyhr,http://dummyimage.com/174x222.bmp/cc0000/ffffff,bgaythorpehr@t.co,ZNajkt12C7B
mgillatths,http://dummyimage.com/230x200.png/5fa2dd/ffffff,jwhanstallhs@wiley.com,JQKpug6
lhendonsonht,http://dummyimage.com/178x238.jpg/ff4444/ffffff,xlepiscopiht@jigsy.com,zZd333
dpetrukhu,http://dummyimage.com/190x194.png/5fa2dd/ffffff,aspringetthu@si.edu,MQj7RHo21g1x
ajellingshv,http://dummyimage.com/135x193.bmp/cc0000/ffffff,mwakerleyhv@shutterfly.com,5lYd8fBbRS9o
flamswoodhw,http://dummyimage.com/215x116.bmp/ff4444/ffffff,vlavarackhw@bbb.org,WlFUpsSieav
cvictorhx,http://dummyimage.com/140x188.jpg/dddddd/000000,omanuellihx@google.ru,EqF7u0
stomblingshy,http://dummyimage.com/100x200.jpg/dddddd/000000,lclendeninghy@smh.com.au,B6N4jw9eVI
ccostiganhz,http://dummyimage.com/244x190.jpg/dddddd/000000,cberryclothhz@businessweek.com,fbxyqG0
caleksashini0,http://dummyimage.com/201x210.jpg/dddddd/000000,nhuxteri0@theglobeandmail.com,iUDkEaT8
rdommerseni1,http://dummyimage.com/118x120.png/dddddd/000000,rmirandai1@boston.com,RBqMWn3
etookilli2,http://dummyimage.com/166x122.bmp/ff4444/ffffff,marundeli2@tinypic.com,yoiGbACAAaF
eashtonhursti3,http://dummyimage.com/209x150.jpg/5fa2dd/ffffff,pgeraldezi3@technorati.com,Q6uRP2
amcalindoni4,http://dummyimage.com/154x107.jpg/dddddd/000000,gelloyi4@ft.com,KgRgnHpb
bsolanoi5,http://dummyimage.com/117x106.jpg/cc0000/ffffff,bfyfieldi5@oaic.gov.au,nidk5umS
mbickersi6,http://dummyimage.com/140x203.png/dddddd/000000,bpendrei6@berkeley.edu,6lVLQLWrPM
cjorgei7,http://dummyimage.com/144x113.bmp/5fa2dd/ffffff,ainnsi7@ucoz.ru,BZx2lIxmt19D
tsyratti8,http://dummyimage.com/217x150.png/ff4444/ffffff,ncowoppei8@hatena.ne.jp,oCctX9Mqi
jaronowitzi9,http://dummyimage.com/132x208.png/dddddd/000000,ametricki9@dmoz.org,kv9HMnuaA7aq
oreekieia,http://dummyimage.com/221x155.png/cc0000/ffffff,aflamentia@cafepress.com,y7kBR6NVnH0
ereamesib,http://dummyimage.com/129x204.jpg/ff4444/ffffff,idurdenib@mlb.com,lJE6QfzaBst
cegeic,http://dummyimage.com/198x101.png/5fa2dd/ffffff,mpingstonic@webeden.co.uk,5OMyLS
gbouldingid,http://dummyimage.com/221x139.jpg/5fa2dd/ffffff,amingeyid@xrea.com,K6cdTMOS
blarkcumie,http://dummyimage.com/124x139.png/ff4444/ffffff,chousecroftie@gmpg.org,lpjiou3
bbrunnif,http://dummyimage.com/187x113.bmp/dddddd/000000,lbagbyif@rakuten.co.jp,GUoRqk
dtarryig,http://dummyimage.com/151x159.bmp/dddddd/000000,mmargeramig@wired.com,55sVUrSI
lcotteih,http://dummyimage.com/154x158.jpg/cc0000/ffffff,shartroppih@about.com,eRyuxm9avq1B
ebiaginiii,http://dummyimage.com/137x229.bmp/dddddd/000000,csteynorii@jiathis.com,RgfcEp
cmewtonij,http://dummyimage.com/125x117.bmp/5fa2dd/ffffff,ccomfordij@archive.org,SlQdiuKS
rmcmickanik,http://dummyimage.com/164x131.bmp/cc0000/ffffff,dbranchettik@dyndns.org,pxrOkkzu1
tpalkeil,http://dummyimage.com/132x114.bmp/5fa2dd/ffffff,mquanil@behance.net,htedPQ8A
dwillimentim,http://dummyimage.com/120x172.png/ff4444/ffffff,cwoodfieldim@cdc.gov,BDmcFjPoWr
aretallickin,http://dummyimage.com/121x220.png/dddddd/000000,nreedein@newsvine.com,L3SnJroe
wlabrowio,http://dummyimage.com/223x222.jpg/5fa2dd/ffffff,eondrasekio@comsenz.com,X2YLEZFe
hwinghamip,http://dummyimage.com/163x233.jpg/dddddd/000000,frebillardip@ibm.com,Qsz2jHWC97a
babramovicziq,http://dummyimage.com/131x167.bmp/dddddd/000000,aknyvettiq@deliciousdays.com,60ZuuL3CuPK
dhackingir,http://dummyimage.com/200x170.jpg/5fa2dd/ffffff,dlondsdaleir@epa.gov,mq1DmCiUV0Uu
imawdsleyis,http://dummyimage.com/117x192.bmp/5fa2dd/ffffff,fhantonis@fastcompany.com,ClJH93
efardyit,http://dummyimage.com/139x215.jpg/5fa2dd/ffffff,hblinermanit@indiegogo.com,tfYaTxUGO
vdiproseiu,http://dummyimage.com/120x163.bmp/dddddd/000000,rgaleriu@arizona.edu,4phFryONr
mpietaschiv,http://dummyimage.com/177x147.jpg/ff4444/ffffff,rsokilliv@buzzfeed.com,Jryg3YotN
dgrovesiw,http://dummyimage.com/182x101.jpg/cc0000/ffffff,cmanthroppeiw@github.io,Tyy2WIEAeY
mmapledooreix,http://dummyimage.com/137x104.png/ff4444/ffffff,atrownsonix@craigslist.org,q3uvxvKnMquF
ttackleyiy,http://dummyimage.com/197x216.png/5fa2dd/ffffff,llowdeiy@hatena.ne.jp,ucjVMBikS
rhutcheonsiz,http://dummyimage.com/170x225.png/ff4444/ffffff,kfreeariz@php.net,88ftcb
hburgesj0,http://dummyimage.com/248x144.jpg/ff4444/ffffff,dtimlinj0@ow.ly,qpPu3Gay8jTz
fvedeshkinj1,http://dummyimage.com/172x172.png/dddddd/000000,fkennedyj1@digg.com,ibMxuigONpjO
bdanatj2,http://dummyimage.com/152x187.jpg/ff4444/ffffff,npawlickj2@theguardian.com,aRrMyMfXm
acabraraj3,http://dummyimage.com/118x135.png/dddddd/000000,mstuchburyj3@networkadvertising.org,bVFbryuWi
cdallmanj4,http://dummyimage.com/223x206.png/cc0000/ffffff,bhollowj4@omniture.com,KXaOtCydr65
tcapelinj5,http://dummyimage.com/175x129.png/5fa2dd/ffffff,dnichollsj5@amazon.com,40HWep0k
sbecraftj6,http://dummyimage.com/165x156.jpg/dddddd/000000,fmeysj6@foxnews.com,K2yowHnZXM
srontschj7,http://dummyimage.com/198x237.png/dddddd/000000,solesj7@cloudflare.com,XePOdhBNO2N
mlambotinj8,http://dummyimage.com/217x154.jpg/ff4444/ffffff,nboomesj8@admin.ch,wf8yOpK29l
bdigweedj9,http://dummyimage.com/157x199.jpg/dddddd/000000,sjoinseyj9@jalbum.net,cvYvLQ
arobinetja,http://dummyimage.com/170x130.bmp/dddddd/000000,vgoodbarneja@foxnews.com,nDE4EXTEPCi
ctathamjb,http://dummyimage.com/245x135.bmp/ff4444/ffffff,hspillerjb@wufoo.com,Hn39Y1Ifo
cbartlesjc,http://dummyimage.com/187x108.png/ff4444/ffffff,tkarbyjc@tinypic.com,pQEMbZfR
scodyjd,http://dummyimage.com/213x116.bmp/ff4444/ffffff,egarejd@npr.org,MaYTPoymo
igostlingje,http://dummyimage.com/169x117.png/cc0000/ffffff,jcatterollje@prweb.com,smHS814iRfgr
rsreenanjf,http://dummyimage.com/174x139.bmp/dddddd/000000,gduetschejf@nature.com,PxTfrJ1lE1
clawrenzjg,http://dummyimage.com/104x231.bmp/dddddd/000000,dezzelljg@cyberchimps.com,BxOGQ3JEEyox
hwarinjh,http://dummyimage.com/229x178.png/ff4444/ffffff,hkemwaljh@columbia.edu,BKOveorhAEd
tstrittonji,http://dummyimage.com/195x210.jpg/ff4444/ffffff,tsteffanji@acquirethisname.com,3U54f4T
kgardenerjj,http://dummyimage.com/129x231.bmp/cc0000/ffffff,gchawnerjj@1688.com,jngCMSu7
qoakwelljk,http://dummyimage.com/205x201.jpg/ff4444/ffffff,nmichelijk@google.nl,KkQbEsnC
eebbinjl,http://dummyimage.com/126x158.bmp/5fa2dd/ffffff,projajl@blog.com,ImQrQiIgpX
ctwinberrowjm,http://dummyimage.com/211x110.png/5fa2dd/ffffff,nbaistowjm@ed.gov,SbJfpLLjMsj
qfaberjn,http://dummyimage.com/250x169.png/ff4444/ffffff,clanchburyjn@baidu.com,Cm8CSL
lcowthardjo,http://dummyimage.com/128x181.png/dddddd/000000,senosjo@cbsnews.com,4axN8qX0I
lmcairtjp,http://dummyimage.com/181x182.bmp/ff4444/ffffff,amolejp@people.com.cn,aczfX2kVf6
wbyrdjq,http://dummyimage.com/137x127.bmp/dddddd/000000,btroyesjq@wikimedia.org,kdwYPlwzg
fbamberyjr,http://dummyimage.com/228x144.jpg/dddddd/000000,csierjr@hao123.com,LfLDBwjthHtQ
agarwilljs,http://dummyimage.com/130x149.bmp/cc0000/ffffff,cbelchampjs@cdc.gov,4KO5RtTsLU
jgallowayjt,http://dummyimage.com/106x218.png/dddddd/000000,apadefieldjt@va.gov,t9fi2Vv7rm
jdowthwaiteju,http://dummyimage.com/134x160.png/cc0000/ffffff,rcurseyju@sina.com.cn,W1jqefbEnHw
ocowdenjv,http://dummyimage.com/126x140.png/cc0000/ffffff,hfawsonjv@facebook.com,U8WAhaFkNPOg
apalleyjw,http://dummyimage.com/142x213.png/ff4444/ffffff,cmccobbjw@reuters.com,fFbsMRRaS
ebanbrookjx,http://dummyimage.com/240x184.bmp/5fa2dd/ffffff,nbentzjx@oaic.gov.au,Wltxuk
gkienlejy,http://dummyimage.com/107x165.jpg/5fa2dd/ffffff,kbaconjy@goo.gl,N1RVCD
spatientjz,http://dummyimage.com/147x138.jpg/cc0000/ffffff,bwhitingjz@cmu.edu,DYfiND
abutterisk0,http://dummyimage.com/160x184.bmp/dddddd/000000,asidneyk0@xrea.com,UThbiWl7PB
scowpertwaitk1,http://dummyimage.com/148x201.jpg/cc0000/ffffff,jkeenlysidek1@nymag.com,sBCXrW3Wmwy
anassyk2,http://dummyimage.com/207x133.jpg/cc0000/ffffff,jblenkinsopk2@chron.com,KyeyLwRp
kallonek3,http://dummyimage.com/196x209.bmp/cc0000/ffffff,tcurreenk3@ftc.gov,2EW3b2dg
sbolfk4,http://dummyimage.com/248x107.png/ff4444/ffffff,ukochk4@cmu.edu,VXwCygG
vcarrattk5,http://dummyimage.com/133x220.png/ff4444/ffffff,mearneyk5@jimdo.com,4AYizj
hmclartyk6,http://dummyimage.com/153x130.bmp/ff4444/ffffff,ohandoverk6@ifeng.com,ixQpkw
afarfolomeevk7,http://dummyimage.com/135x198.png/ff4444/ffffff,lmccluink7@reuters.com,1ray2Y
bbrandtk8,http://dummyimage.com/128x143.jpg/5fa2dd/ffffff,girvink8@cam.ac.uk,iCtKjHIF
jambroginik9,http://dummyimage.com/137x145.bmp/5fa2dd/ffffff,lledinghamk9@cbc.ca,ly4hTtXJCO
bhirtzmannka,http://dummyimage.com/173x192.png/dddddd/000000,pdejuareska@businesswire.com,fir31vbQ
wdecristofalokb,http://dummyimage.com/233x241.jpg/ff4444/ffffff,atunekb@51.la,WDVI4lz
obatcheldorkc,http://dummyimage.com/162x175.jpg/5fa2dd/ffffff,pkachkc@state.gov,V3Rk9JejAx
gclarkewilliamskd,http://dummyimage.com/241x229.png/ff4444/ffffff,tberrekd@wiley.com,Fw7dxWOn
vcurtinke,http://dummyimage.com/155x234.bmp/cc0000/ffffff,sbruke@hud.gov,ex3wAyOI6dE
okleintkf,http://dummyimage.com/203x164.jpg/dddddd/000000,zottiwillkf@amazonaws.com,7mMxtN0
emacelanekg,http://dummyimage.com/202x215.png/5fa2dd/ffffff,uwindrosskg@usa.gov,Kn7cvxN2dM
kjaulmeskh,http://dummyimage.com/153x225.jpg/5fa2dd/ffffff,wphythiankh@earthlink.net,eEWPAefl8
gpackki,http://dummyimage.com/209x142.png/5fa2dd/ffffff,qschoaleski@xing.com,Ian4XOk5l5VC
vgildeakj,http://dummyimage.com/205x218.png/5fa2dd/ffffff,bhurchkj@loc.gov,2qk0H9yKyY
apietrzakkk,http://dummyimage.com/121x222.bmp/cc0000/ffffff,mbeetonkk@unblog.fr,3AP1UKbdMIO
pbridgwoodkl,http://dummyimage.com/104x154.bmp/dddddd/000000,akiellorkl@ox.ac.uk,7WyYfp5v
yshrivekm,http://dummyimage.com/220x213.jpg/ff4444/ffffff,dstobiekm@github.io,uOrtm0tFt
wsigginskn,http://dummyimage.com/201x229.jpg/ff4444/ffffff,gbascombekn@cpanel.net,HHsYCM8wkC
tbairstowko,http://dummyimage.com/148x199.png/5fa2dd/ffffff,gberryko@yahoo.com,WoIQrZK
rbetterisskp,http://dummyimage.com/228x107.jpg/cc0000/ffffff,lgoodisonkp@google.co.uk,Caw7QFloUeX
jboardmankq,http://dummyimage.com/217x170.jpg/5fa2dd/ffffff,lvonasekkq@gizmodo.com,EqeLdhddP77R
tkynekr,http://dummyimage.com/143x235.bmp/cc0000/ffffff,kgrestykr@weebly.com,aIg04AVzTS
pdinsmoreks,http://dummyimage.com/187x224.jpg/cc0000/ffffff,cromainks@moonfruit.com,vddMOsSdC
cwilloxkt,http://dummyimage.com/181x203.jpg/dddddd/000000,dwaiskt@php.net,d4K29Mh
rmcorkillku,http://dummyimage.com/153x115.jpg/ff4444/ffffff,dkingswoodku@dropbox.com,3pW7sJQl9
sredingkv,http://dummyimage.com/143x221.jpg/ff4444/ffffff,bscudderskv@meetup.com,oIc9FDhWde1H
adytekw,http://dummyimage.com/132x128.jpg/cc0000/ffffff,jburfieldkw@rakuten.co.jp,hSxMKQ
wmundowkx,http://dummyimage.com/137x129.jpg/ff4444/ffffff,ahutchinsonkx@surveymonkey.com,8Kyjkl
cbahiaky,http://dummyimage.com/152x167.bmp/dddddd/000000,cpithcockky@squarespace.com,kIhnchZ48FeL
slesmondekz,http://dummyimage.com/250x238.bmp/dddddd/000000,ocorpeskz@apple.com,ylnxt9
mbakeupl0,http://dummyimage.com/102x148.jpg/5fa2dd/ffffff,jjellicol0@cocolog-nifty.com,8akOegc
acrossgrovel1,http://dummyimage.com/189x126.jpg/cc0000/ffffff,jmcinultyl1@biglobe.ne.jp,BVnDCL
arolfl2,http://dummyimage.com/146x231.jpg/dddddd/000000,fvolckerl2@cnbc.com,WWNknLhh
ccavelll3,http://dummyimage.com/197x156.bmp/cc0000/ffffff,jlevinel3@pen.io,qpAv7ZtpYa
kbertomeul4,http://dummyimage.com/119x194.jpg/cc0000/ffffff,mstandbrookl4@angelfire.com,xHAx08aPg
mtrimmilll5,http://dummyimage.com/159x106.png/ff4444/ffffff,caslingl5@nationalgeographic.com,lcgDxlt8Uqq
gsyversenl6,http://dummyimage.com/101x107.bmp/5fa2dd/ffffff,frivallantl6@nps.gov,rkdR6hi5mS
uhartoppl7,http://dummyimage.com/220x219.png/cc0000/ffffff,rkosell7@flavors.me,UgaJjz01En
bhandmorel8,http://dummyimage.com/129x220.bmp/ff4444/ffffff,bgettenl8@indiatimes.com,6eOVKr
mjaradl9,http://dummyimage.com/104x112.png/cc0000/ffffff,pdabrowskil9@weather.com,hwyHaDK
kruggierla,http://dummyimage.com/132x250.bmp/5fa2dd/ffffff,qboydellla@intel.com,aRnpd7ZB
meskrietlb,http://dummyimage.com/168x122.jpg/dddddd/000000,jwigginslb@symantec.com,uBnaVapAH
jhoweslc,http://dummyimage.com/117x174.bmp/cc0000/ffffff,lferrieroilc@addtoany.com,RRZYiWDIDs1r
aphilippaultld,http://dummyimage.com/241x173.jpg/cc0000/ffffff,agerbild@sfgate.com,tA0MAjRM
zmacklinle,http://dummyimage.com/100x126.bmp/5fa2dd/ffffff,gpookele@cpanel.net,7AzjlLK
gsafelf,http://dummyimage.com/112x183.png/ff4444/ffffff,lschruyerlf@geocities.com,O1f9si
bgullivanlg,http://dummyimage.com/243x182.jpg/ff4444/ffffff,ofoordlg@mac.com,rCbtq4THWQ6t
wfinderslh,http://dummyimage.com/115x169.bmp/dddddd/000000,gcardenaslh@joomla.org,lBabkYvDz
jwintersonli,http://dummyimage.com/236x238.bmp/ff4444/ffffff,hmcgilroyli@jigsy.com,dWLNHLqhnnqL
csemradlj,http://dummyimage.com/148x129.png/cc0000/ffffff,mhowseleelj@netvibes.com,Z4vkop1
rivoshinlk,http://dummyimage.com/248x245.jpg/5fa2dd/ffffff,amaccardlelk@who.int,1nK9etABy
hkemmell,http://dummyimage.com/151x243.bmp/5fa2dd/ffffff,jcreaserll@smugmug.com,IQGBqps
preisenlm,http://dummyimage.com/101x135.bmp/dddddd/000000,jklejnalm@java.com,DCFMTU
jpettieln,http://dummyimage.com/179x185.png/5fa2dd/ffffff,pcasillasln@walmart.com,OphgGpT3F
sjurgensenlo,http://dummyimage.com/199x225.png/ff4444/ffffff,swildbloodlo@alibaba.com,BqsUBzbAy
fgravylp,http://dummyimage.com/233x106.bmp/5fa2dd/ffffff,nmencolp@ibm.com,YUK3EmPrf
myeskinlq,http://dummyimage.com/172x224.png/dddddd/000000,dcuniolq@marriott.com,oReIcDCISsE
mdanielllr,http://dummyimage.com/166x179.jpg/cc0000/ffffff,dbitchenolr@webnode.com,gLJsAGGzh09N
mmaffinls,http://dummyimage.com/231x110.bmp/dddddd/000000,livanyushkinls@taobao.com,CuzGrjbuvns
lcornesslt,http://dummyimage.com/247x183.jpg/cc0000/ffffff,tbehrendsenlt@nhs.uk,myZEs1uRV
imooneylu,http://dummyimage.com/210x127.bmp/cc0000/ffffff,cklusslu@technorati.com,C0r49ZgkU
cwickeslv,http://dummyimage.com/114x201.png/5fa2dd/ffffff,mqueenlv@blog.com,fwzueKKoUs
mgurkolw,http://dummyimage.com/222x115.png/ff4444/ffffff,apritchittlw@arstechnica.com,hvOYjF01fa
jocrowleylx,http://dummyimage.com/152x182.jpg/dddddd/000000,afenechlx@marriott.com,VpSgaxhqtaL
wcasinoly,http://dummyimage.com/184x241.bmp/cc0000/ffffff,amattialy@parallels.com,qx1C8bEZvTj
skopplz,http://dummyimage.com/122x194.jpg/dddddd/000000,jstrewtherlz@yahoo.com,DyDz0yBRB8dL
abatsonm0,http://dummyimage.com/206x161.jpg/ff4444/ffffff,omacgarritym0@free.fr,anoRzAJjDPx
ebourgeoism1,http://dummyimage.com/219x208.bmp/5fa2dd/ffffff,badshedm1@ning.com,jkCbQrrLoUw
jtopm2,http://dummyimage.com/151x240.jpg/dddddd/000000,cslocketm2@ihg.com,plQbgHJhqkfQ
asquierm3,http://dummyimage.com/230x112.png/cc0000/ffffff,kshorthillm3@desdev.cn,EecQQ0K
dcastelowm4,http://dummyimage.com/108x236.png/dddddd/000000,atunem4@microsoft.com,CvDkM0Vug
ptewesm5,http://dummyimage.com/206x115.bmp/5fa2dd/ffffff,fsalvadorem5@businesswire.com,4vryb6md6O
mdoucem6,http://dummyimage.com/217x230.png/dddddd/000000,abalasm6@chron.com,pEVRTF8z
kpadrickm7,http://dummyimage.com/183x193.bmp/dddddd/000000,emcomishm7@unblog.fr,4VFJHspnSZ
pvicarym8,http://dummyimage.com/149x222.png/ff4444/ffffff,bskyramm8@google.co.jp,tq5ZEO8oM
jwiggm9,http://dummyimage.com/207x117.bmp/5fa2dd/ffffff,aredwinm9@tuttocitta.it,KwMhMhw3Hi
gmottinima,http://dummyimage.com/242x203.bmp/cc0000/ffffff,breanma@ebay.co.uk,tiNlvYooj7Lm
jeichmannmb,http://dummyimage.com/164x218.jpg/cc0000/ffffff,uconnaughtonmb@mashable.com,5ZctqNFf9s5
tslymanmc,http://dummyimage.com/185x104.png/5fa2dd/ffffff,nbeaulieumc@drupal.org,3H4B3bXklCRX
wklimschmd,http://dummyimage.com/175x208.jpg/5fa2dd/ffffff,eyongemd@house.gov,uRL9K4m8fv
idevome,http://dummyimage.com/188x163.png/dddddd/000000,rleylandme@europa.eu,qdTeUXw18ski
pcontimf,http://dummyimage.com/225x131.jpg/dddddd/000000,windgemf@canalblog.com,3Pu6mIIFcc
wsnodinmg,http://dummyimage.com/207x183.jpg/ff4444/ffffff,hayscoughmg@t.co,m5JsRwHE6
govendenmh,http://dummyimage.com/249x249.jpg/ff4444/ffffff,ttestromh@blinklist.com,k3EvaLumwAs
mwadwellmi,http://dummyimage.com/214x164.png/ff4444/ffffff,gsparshattmi@google.co.jp,AI56ua7v4
jeddenmj,http://dummyimage.com/126x114.jpg/ff4444/ffffff,cmancermj@trellian.com,VuSI2ue3
uelphinstonmk,http://dummyimage.com/131x245.jpg/ff4444/ffffff,acharopenmk@ed.gov,6tVQrmJ8Rr3S
sfloodml,http://dummyimage.com/209x157.png/cc0000/ffffff,akuhlenml@ycombinator.com,DEHjiZcvC
nannesleymm,http://dummyimage.com/189x231.jpg/cc0000/ffffff,caxemm@opera.com,WJXPQzC2rE
jromimn,http://dummyimage.com/190x129.jpg/dddddd/000000,wdegogaymn@sitemeter.com,LhaRyQqLs
sshepheardmo,http://dummyimage.com/182x102.jpg/ff4444/ffffff,ewhitmanmo@vimeo.com,B915XpazX
llaurentinomp,http://dummyimage.com/124x123.bmp/cc0000/ffffff,cgowrichmp@dot.gov,0OT1ZWjX6XRl
hpaschekmq,http://dummyimage.com/170x101.png/ff4444/ffffff,kkaasmq@simplemachines.org,M6IOA3oZu
jdurrantmr,http://dummyimage.com/240x169.bmp/ff4444/ffffff,amievillemr@cocolog-nifty.com,Pv2g1Vk3q
gzamudioms,http://dummyimage.com/217x147.jpg/dddddd/000000,jpeddiems@purevolume.com,lUoh9V
bstratzmt,http://dummyimage.com/231x152.jpg/cc0000/ffffff,wmurraymt@usda.gov,mE3fxi47v8es
frosendorfmu,http://dummyimage.com/185x119.bmp/cc0000/ffffff,fbouchmu@jimdo.com,EIZdrFvN1a
nspoonermv,http://dummyimage.com/113x235.jpg/dddddd/000000,ghardcastlemv@shutterfly.com,HJRaB05FPP
bentreismw,http://dummyimage.com/131x244.png/ff4444/ffffff,odevereuxmw@networkadvertising.org,gX8WlADKF2
bollenbuttelmx,http://dummyimage.com/202x184.jpg/cc0000/ffffff,jfawdrymx@who.int,2EOR9SsR
rrobkermy,http://dummyimage.com/152x196.bmp/cc0000/ffffff,edemongemy@xinhuanet.com,s4hMGlqy
codunniommz,http://dummyimage.com/218x237.jpg/dddddd/000000,edurransmz@4shared.com,7WEEdSER
mmuinon0,http://dummyimage.com/228x154.png/5fa2dd/ffffff,jcresern0@indiatimes.com,DxWboIOZ3iM
jogilvien1,http://dummyimage.com/161x240.bmp/5fa2dd/ffffff,scowsbyn1@google.com,2Sn9H1
mpoyntonn2,http://dummyimage.com/117x150.jpg/ff4444/ffffff,cmellanbyn2@usnews.com,6GdhnPolWv
dtordiffen3,http://dummyimage.com/216x153.jpg/dddddd/000000,cadenotn3@over-blog.com,C4c6lTsUwnl
lkiten4,http://dummyimage.com/131x116.png/cc0000/ffffff,jcawdronn4@washington.edu,5VTubXbti
bbullinghamn5,http://dummyimage.com/146x147.png/cc0000/ffffff,phenken5@weibo.com,TkgAsN0I
iscreenn6,http://dummyimage.com/237x128.jpg/cc0000/ffffff,bkivellen6@gnu.org,ZMQpweIcb0V
mantonin7,http://dummyimage.com/201x130.bmp/dddddd/000000,mmacgiollapheadairn7@telegraph.co.uk,M6sxESyFtjuD
ltuten8,http://dummyimage.com/120x136.jpg/cc0000/ffffff,dpollinsn8@engadget.com,Kani7h
plookern9,http://dummyimage.com/173x120.png/5fa2dd/ffffff,fantonovicn9@privacy.gov.au,gASRzz6d
umcilwraithna,http://dummyimage.com/176x102.png/5fa2dd/ffffff,mtwentymanna@blogs.com,MSju4wmdp9
lmattiellonb,http://dummyimage.com/199x177.jpg/dddddd/000000,qcastellinb@opera.com,GB1xwL8
abastocknc,http://dummyimage.com/194x206.bmp/ff4444/ffffff,tperfectnc@exblog.jp,ipl4NYgfigtK
iperazzond,http://dummyimage.com/181x178.jpg/cc0000/ffffff,tgwynnd@intel.com,AeMjY7y7nmT
svolontene,http://dummyimage.com/221x123.png/5fa2dd/ffffff,tscopesne@so-net.ne.jp,OJvW0mak2hF
bchilesnf,http://dummyimage.com/191x163.png/5fa2dd/ffffff,tburroughesnf@storify.com,24t1hXfzjJ
flumsdallng,http://dummyimage.com/116x157.jpg/5fa2dd/ffffff,tdevereng@stanford.edu,3MhcM19
dtungatenh,http://dummyimage.com/214x173.jpg/dddddd/000000,dpeggremnh@flavors.me,X9I1KcrAm1
iaggioni,http://dummyimage.com/167x128.png/cc0000/ffffff,blinzeyni@list-manage.com,wn94TB82
mmainstonenj,http://dummyimage.com/173x123.jpg/5fa2dd/ffffff,rhorseynj@answers.com,dbOicupoGN
vkohrsennk,http://dummyimage.com/153x146.png/5fa2dd/ffffff,rnoadesnk@si.edu,ki2VyI
apapesnl,http://dummyimage.com/233x201.bmp/5fa2dd/ffffff,tfownesnl@hc360.com,WOjFXmQ1e
cdenchnm,http://dummyimage.com/125x193.png/dddddd/000000,cfeechumnm@phoca.cz,zOJ3Ed
pdorseynn,http://dummyimage.com/212x124.jpg/dddddd/000000,sbeagennn@flickr.com,3WLWJylZ1j
eitzkovichno,http://dummyimage.com/122x192.png/dddddd/000000,earpeno@live.com,44Eo592Xm
cbattyllnp,http://dummyimage.com/153x140.png/dddddd/000000,mlatesnp@reuters.com,o22Ej2bm55
jstampsnq,http://dummyimage.com/132x192.png/cc0000/ffffff,oreinardnq@umn.edu,ZaeefTb3qkK
mjobbnr,http://dummyimage.com/167x168.jpg/ff4444/ffffff,bpottagenr@sakura.ne.jp,nSPncb
ddavidofns,http://dummyimage.com/111x106.jpg/5fa2dd/ffffff,ctoonens@oakley.com,dS24eBgFopRQ
pstreetonnt,http://dummyimage.com/140x155.png/cc0000/ffffff,rolandernt@slideshare.net,ngT1HES
calessandruccinu,http://dummyimage.com/181x113.jpg/cc0000/ffffff,fmcpartlingnu@hp.com,dIif61VTUIpm
amerriottnv,http://dummyimage.com/103x155.png/5fa2dd/ffffff,rbleuenv@pcworld.com,96YJw3V
hsnodinnw,http://dummyimage.com/248x174.bmp/ff4444/ffffff,bconeleynw@newsvine.com,fbDV0A6PQ
fjostnx,http://dummyimage.com/111x189.jpg/5fa2dd/ffffff,achsteneynx@nba.com,JqGEqAHxRuq
ccraftny,http://dummyimage.com/214x210.jpg/ff4444/ffffff,gramelotny@about.com,wnehKbAByB
mdecruznz,http://dummyimage.com/128x109.jpg/ff4444/ffffff,rroocroftnz@angelfire.com,3LSILw1
tbrindo0,http://dummyimage.com/149x142.png/ff4444/ffffff,lzanetelloo0@google.it,BNmaicMk
rchaseno1,http://dummyimage.com/175x155.bmp/ff4444/ffffff,bponto1@nsw.gov.au,JMOmV5W
ahebnero2,http://dummyimage.com/181x159.png/dddddd/000000,kwagero2@artisteer.com,u0o0zK
mmolfinoo3,http://dummyimage.com/199x153.bmp/ff4444/ffffff,fcleveo3@blogger.com,ze0btRK
ufoxteno4,http://dummyimage.com/218x211.jpg/dddddd/000000,pbramwello4@google.it,2fs4r9JJSwn
mshillittoo5,http://dummyimage.com/104x151.bmp/dddddd/000000,malabastero5@who.int,JH5QBBP
nvillao6,http://dummyimage.com/185x196.bmp/cc0000/ffffff,vpaveyo6@apache.org,kIBQRNz
fgavaghano7,http://dummyimage.com/139x143.jpg/ff4444/ffffff,ccurdello7@smugmug.com,lzb2Bad
abatistellio8,http://dummyimage.com/229x197.png/ff4444/ffffff,amawditto8@sourceforge.net,f0LDvfzbw
gdietzo9,http://dummyimage.com/100x120.jpg/ff4444/ffffff,zdreweryo9@storify.com,HESFhisH
rrubioa,http://dummyimage.com/236x242.bmp/cc0000/ffffff,dbellieoa@usgs.gov,NReKWRbNwQ23
rgoresob,http://dummyimage.com/125x237.bmp/cc0000/ffffff,bmountlowob@apache.org,YtvlLL
rfraniesoc,http://dummyimage.com/220x185.bmp/ff4444/ffffff,lmccloudoc@free.fr,TEVBlmMZ
fgiannazzood,http://dummyimage.com/120x205.jpg/ff4444/ffffff,acomportod@google.com,B9HWpQnI
mpleasantsoe,http://dummyimage.com/128x236.jpg/5fa2dd/ffffff,pbrowettoe@newsvine.com,te0ayAPFPeH
cfrankeof,http://dummyimage.com/114x207.bmp/cc0000/ffffff,tcordelof@networkadvertising.org,9GqOFzK
bmeersog,http://dummyimage.com/249x219.jpg/5fa2dd/ffffff,cgedlingog@senate.gov,YB2u0Fci
ehakeoh,http://dummyimage.com/196x233.png/dddddd/000000,jharringtonoh@nature.com,XzH5aMU
ladkinoi,http://dummyimage.com/191x193.bmp/dddddd/000000,fdomanskioi@simplemachines.org,HlGhd1uMx
csherebrookoj,http://dummyimage.com/106x118.jpg/dddddd/000000,erotheroj@sitemeter.com,fId88kL
cfairclothok,http://dummyimage.com/112x218.png/5fa2dd/ffffff,nvearok@shareasale.com,bbULbgpnxGE
imulvihillol,http://dummyimage.com/206x127.png/ff4444/ffffff,epembleol@istockphoto.com,7znm7f552b
pnoniom,http://dummyimage.com/209x224.jpg/ff4444/ffffff,svilaom@wp.com,nOOenX
hgonninon,http://dummyimage.com/203x117.png/5fa2dd/ffffff,cheibelon@miitbeian.gov.cn,2rUW2t
cwittoo,http://dummyimage.com/143x207.png/5fa2dd/ffffff,vcriginoo@ucoz.com,rdhZboJy3
mlepereop,http://dummyimage.com/223x247.png/5fa2dd/ffffff,bbrasseop@si.edu,FUckQlaqkC
gbeesoq,http://dummyimage.com/177x136.bmp/cc0000/ffffff,mlorrimanoq@addthis.com,NrbAnFxUlL
cjillettor,http://dummyimage.com/216x222.bmp/5fa2dd/ffffff,brepperor@newsvine.com,dMPFCTM
csearsbyos,http://dummyimage.com/201x113.jpg/ff4444/ffffff,rnasheos@amazonaws.com,WsG22Uwtp
sburdettot,http://dummyimage.com/121x219.png/dddddd/000000,shughsonot@wufoo.com,o6OLhaFmf
afortnumou,http://dummyimage.com/164x246.jpg/cc0000/ffffff,rvasyuninou@networksolutions.com,j76AeG
hcaldowov,http://dummyimage.com/194x135.jpg/cc0000/ffffff,hkeemsov@nhs.uk,GOHuTSl9ayTf
lkeuntjeow,http://dummyimage.com/115x238.jpg/ff4444/ffffff,lmesserow@canalblog.com,euNju8iv5
gjermanox,http://dummyimage.com/213x110.png/5fa2dd/ffffff,crofeox@reverbnation.com,Aau5rWI
aaupoloy,http://dummyimage.com/104x215.jpg/5fa2dd/ffffff,aruddlesdenoy@infoseek.co.jp,joNP15
hcreavinoz,http://dummyimage.com/166x101.bmp/cc0000/ffffff,gborleaseoz@samsung.com,ELstwy7
rkoeppep0,http://dummyimage.com/146x134.jpg/dddddd/000000,leickp0@marketwatch.com,hRIbCsfmN
rbrusselsp1,http://dummyimage.com/246x250.bmp/dddddd/000000,gwyardp1@pcworld.com,XFwgQTK
amcdoualp2,http://dummyimage.com/155x209.bmp/5fa2dd/ffffff,jdemschkep2@epa.gov,o2XO1g
hfitzpaynp3,http://dummyimage.com/124x219.bmp/dddddd/000000,ssommerlyp3@howstuffworks.com,O36MOrXa
wlaxsonp4,http://dummyimage.com/138x208.bmp/cc0000/ffffff,vskinnp4@a8.net,KZgqmkRM
vwildsmithp5,http://dummyimage.com/191x221.jpg/cc0000/ffffff,tmoggp5@vinaora.com,aoSxa5vGyt1b
pjeenesp6,http://dummyimage.com/205x100.jpg/ff4444/ffffff,oclayfieldp6@sohu.com,ZjHWHSdmSzd
rschimonp7,http://dummyimage.com/164x213.png/dddddd/000000,tjellicop7@trellian.com,g5Brky
cloramp8,http://dummyimage.com/210x189.bmp/cc0000/ffffff,vconstantp8@canalblog.com,UFpGQQS
mglasardp9,http://dummyimage.com/247x129.bmp/5fa2dd/ffffff,cblakemorep9@opera.com,KfB3c1oKTe4
mkliementpa,http://dummyimage.com/112x164.png/ff4444/ffffff,kheinepa@hp.com,CKMSg83UNThH
mtrippickpb,http://dummyimage.com/181x208.jpg/cc0000/ffffff,ltookeypb@ftc.gov,B3Dkp9H
iegintonpc,http://dummyimage.com/185x145.png/ff4444/ffffff,crhymerpc@home.pl,3Xq9iDkA
dcatorpd,http://dummyimage.com/177x243.png/dddddd/000000,sreingerpd@omniture.com,yQ5cJmxUKKhl
iarborpe,http://dummyimage.com/122x131.jpg/5fa2dd/ffffff,owhaitespe@google.ru,MnKdLkO
blumsdallpf,http://dummyimage.com/186x116.jpg/5fa2dd/ffffff,opeviepf@nytimes.com,ryyfnws
dbowhaypg,http://dummyimage.com/126x142.jpg/5fa2dd/ffffff,gocurrinepg@earthlink.net,3yQEGsk32
ahaburneph,http://dummyimage.com/185x243.png/cc0000/ffffff,mallonph@nytimes.com,JF6FjjhTh1H
pbishpi,http://dummyimage.com/194x118.bmp/dddddd/000000,mdarkottpi@springer.com,quQLL3N
mberneypj,http://dummyimage.com/119x193.bmp/dddddd/000000,ncotapj@soundcloud.com,dIqzUUY
raudleypk,http://dummyimage.com/136x101.bmp/cc0000/ffffff,rmacenteepk@archive.org,TT3acUU
hmcgriffinpl,http://dummyimage.com/200x229.png/ff4444/ffffff,vgianuzzipl@ovh.net,sVmc85ZjTG6
bhadyepm,http://dummyimage.com/235x182.png/ff4444/ffffff,jmackeypm@spiegel.de,7dVwa4bd4T
ikenionpn,http://dummyimage.com/137x101.png/5fa2dd/ffffff,ggilmanpn@abc.net.au,IP2RhZEgd
bcolliepo,http://dummyimage.com/116x126.bmp/5fa2dd/ffffff,mliepmannpo@jiathis.com,4IVX4coSISI
bbirtwistlepp,http://dummyimage.com/164x238.jpg/5fa2dd/ffffff,jdorwoodpp@home.pl,HLujZsGti6w
hcrocipq,http://dummyimage.com/243x127.jpg/dddddd/000000,iwrintmorepq@so-net.ne.jp,LalwPRw
ycranstonepr,http://dummyimage.com/109x196.jpg/cc0000/ffffff,bpedrazzipr@gizmodo.com,MqNVrOqT2
eauchterlonieps,http://dummyimage.com/209x118.bmp/5fa2dd/ffffff,gmcmeekanps@nba.com,SuNjl0
uromapt,http://dummyimage.com/212x194.jpg/cc0000/ffffff,bjergerpt@is.gd,5911SRf
lterrazzopu,http://dummyimage.com/214x111.jpg/5fa2dd/ffffff,ieakinpu@ucoz.com,TiJsQAgGam
dbyaspv,http://dummyimage.com/179x212.bmp/ff4444/ffffff,awinhampv@stumbleupon.com,zb6BDRBr
csuttiepw,http://dummyimage.com/200x132.bmp/ff4444/ffffff,oatwelpw@ifeng.com,NqSQGh
ajanikowskipx,http://dummyimage.com/109x152.png/cc0000/ffffff,itomblesonpx@usa.gov,wmr9N6
sbreretonpy,http://dummyimage.com/196x148.jpg/5fa2dd/ffffff,jcottempy@sakura.ne.jp,Pwf5wo
bshuttepz,http://dummyimage.com/123x167.png/ff4444/ffffff,hturfespz@nba.com,rJnysHwH6lUJ
dmacrinnq0,http://dummyimage.com/114x177.bmp/ff4444/ffffff,mgreenacreq0@cisco.com,95Doh5Nl6Hx
tpythonq1,http://dummyimage.com/158x107.bmp/5fa2dd/ffffff,eearingeyq1@topsy.com,J2XgXJBE6v
dlacazeq2,http://dummyimage.com/165x174.jpg/5fa2dd/ffffff,rjirkaq2@harvard.edu,t5AkNpP
vmussettiq3,http://dummyimage.com/201x123.bmp/cc0000/ffffff,sdunsfordq3@cpanel.net,jtP2eS8dA
ladrienneq4,http://dummyimage.com/122x152.bmp/ff4444/ffffff,hbeecroftq4@paypal.com,8gi9Oz78A
ncasadoq5,http://dummyimage.com/241x146.bmp/dddddd/000000,ljemisonq5@wordpress.com,h0c1XJu8jj
rtremellingq6,http://dummyimage.com/137x165.jpg/5fa2dd/ffffff,jbeausangq6@illinois.edu,dMYpAZ
atrembletq7,http://dummyimage.com/127x128.jpg/5fa2dd/ffffff,mbecconsallq7@oakley.com,UirREa84
ggreenhouseq8,http://dummyimage.com/149x246.png/cc0000/ffffff,kciobutaruq8@thetimes.co.uk,JfaxZ20
lhigfordq9,http://dummyimage.com/203x244.jpg/cc0000/ffffff,pvalentineq9@shop-pro.jp,1YXPKpVg
mkembryqa,http://dummyimage.com/242x235.bmp/5fa2dd/ffffff,cballingqa@slate.com,5TRfiHFB
afitzgilbertqb,http://dummyimage.com/126x237.png/dddddd/000000,vcrazeqb@thetimes.co.uk,fczx9MMzQ
mmacaleeseqc,http://dummyimage.com/240x247.bmp/dddddd/000000,oplomerqc@cloudflare.com,bZThDCS2xN
vcurnnokqd,http://dummyimage.com/140x170.png/5fa2dd/ffffff,rpesseltqd@macromedia.com,jVaW3SwnTR6Q
rmatussowqe,http://dummyimage.com/218x159.jpg/ff4444/ffffff,cbothramqe@marketwatch.com,HIhX1Gz3g8KC
mokeqf,http://dummyimage.com/242x125.bmp/cc0000/ffffff,btwiggqf@ucoz.ru,xR0iNpV6
jflockhartqg,http://dummyimage.com/224x197.png/dddddd/000000,mpetricqg@webmd.com,ZjFhql
amiddlemistqh,http://dummyimage.com/166x240.png/cc0000/ffffff,bkunzelqh@berkeley.edu,6r3Pj3i1
bmogridgeqi,http://dummyimage.com/241x199.png/ff4444/ffffff,mbaracloughqi@infoseek.co.jp,UhBM2aQq
wcastellsqj,http://dummyimage.com/130x126.png/dddddd/000000,chadinghamqj@mozilla.com,KNimn3AQnaux
wcollipqk,http://dummyimage.com/100x140.bmp/ff4444/ffffff,kkennhamqk@unesco.org,8wlcNJVtW5n
kdaymondql,http://dummyimage.com/132x239.bmp/cc0000/ffffff,obrothwellql@hugedomains.com,yBmibGeZ
gnewburyqm,http://dummyimage.com/140x126.bmp/dddddd/000000,vcicconettiiqm@tripadvisor.com,OXJv3YTOHux
tdictqn,http://dummyimage.com/206x122.bmp/cc0000/ffffff,bgaitleyqn@amazon.co.uk,1mM1NH
rfinnieqo,http://dummyimage.com/236x198.bmp/cc0000/ffffff,dsellyqo@wordpress.org,jxR353E9
ckennerknechtqp,http://dummyimage.com/152x200.jpg/ff4444/ffffff,bstapleyqp@wordpress.org,hFRiENEf
ejonqq,http://dummyimage.com/157x121.jpg/cc0000/ffffff,bluebbertqq@bloglines.com,OOFHBVsnK
nlovstromqr,http://dummyimage.com/104x158.bmp/5fa2dd/ffffff,ichaneyqr@state.tx.us,KxmzLSCHTBx
cmixqs,http://dummyimage.com/215x179.png/cc0000/ffffff,kgottschalkqs@bravesites.com,Y1LqLU8NCYh
mdessaurqt,http://dummyimage.com/178x227.bmp/dddddd/000000,lduffanqt@shop-pro.jp,3IAuAFsTZu2F
nhagertyqu,http://dummyimage.com/138x212.png/5fa2dd/ffffff,mbuyersqu@liveinternet.ru,iPoaDNkHR
mseymerqv,http://dummyimage.com/228x163.jpg/ff4444/ffffff,wbernardesqv@google.ca,oMfNouanp9m
lpavlasekqw,http://dummyimage.com/102x115.png/cc0000/ffffff,rtzarqw@plala.or.jp,VSGQGRh
hdummerqx,http://dummyimage.com/136x124.bmp/5fa2dd/ffffff,wwathallqx@statcounter.com,gMQNfc
jorrqy,http://dummyimage.com/209x177.png/5fa2dd/ffffff,skensetqy@360.cn,IDevqotTc
jmirrleesqz,http://dummyimage.com/201x107.png/dddddd/000000,ylawdayqz@comsenz.com,YG489OZQ2c
ckoenenr0,http://dummyimage.com/109x192.jpg/5fa2dd/ffffff,aattocr0@illinois.edu,ukaH74y4KAhP
amatyushkinr1,http://dummyimage.com/121x248.bmp/5fa2dd/ffffff,dlewsier1@wufoo.com,Eiv1HG
jbassamr2,http://dummyimage.com/172x178.bmp/cc0000/ffffff,hscaicer2@qq.com,iM5qisu2mvR
hskitralr3,http://dummyimage.com/195x121.bmp/ff4444/ffffff,tpolonr3@usatoday.com,nAHftv2XiU
kchilderhouser4,http://dummyimage.com/133x170.bmp/5fa2dd/ffffff,jturnpennyr4@geocities.com,kA6LyRMUne
blatehouser5,http://dummyimage.com/241x115.bmp/5fa2dd/ffffff,rkingwellr5@t.co,nbUiin7LS
rrowthorner6,http://dummyimage.com/218x115.jpg/ff4444/ffffff,oasplinr6@intel.com,jJrPf2EtEdl
dkellenr7,http://dummyimage.com/186x123.jpg/dddddd/000000,fdeniskevichr7@desdev.cn,hnuzGToSy
spettendrichr8,http://dummyimage.com/106x219.jpg/ff4444/ffffff,lbenamr8@trellian.com,nXgtsXm
dskingler9,http://dummyimage.com/141x184.jpg/ff4444/ffffff,rsteckingsr9@sciencedirect.com,x6C7mpWr
wpattonra,http://dummyimage.com/116x166.jpg/dddddd/000000,dscrivenerra@bloomberg.com,KOmXYJA
ksinyardrb,http://dummyimage.com/154x188.jpg/5fa2dd/ffffff,ityddrb@mail.ru,3TudO5dSci
hbaterrc,http://dummyimage.com/123x174.png/dddddd/000000,jkinnierrc@51.la,Ys5TmKWe
acalleyrd,http://dummyimage.com/170x248.png/cc0000/ffffff,rtrematickrd@acquirethisname.com,Lb0NPoZ5UExt
nlowfillre,http://dummyimage.com/242x210.png/cc0000/ffffff,egrangere@nifty.com,rhn35jlswUX9
lfarquharsonrf,http://dummyimage.com/151x117.jpg/dddddd/000000,lrocherf@google.pl,YZZtgVGiY
kferriesrg,http://dummyimage.com/120x112.png/ff4444/ffffff,cbrusinrg@usda.gov,bQPP6YLnfgJ
fdantesiarh,http://dummyimage.com/206x174.png/5fa2dd/ffffff,msagrottrh@fastcompany.com,gguGUxV5
slomanseyri,http://dummyimage.com/147x138.bmp/cc0000/ffffff,dsimicri@about.me,7seUqf4
aeliffrj,http://dummyimage.com/133x198.jpg/ff4444/ffffff,rsaladinorj@blogs.com,QSXFK6rt
gscroggesrk,http://dummyimage.com/184x190.jpg/5fa2dd/ffffff,gmithamrk@sbwire.com,pEJmM8qZ
jfabbrl,http://dummyimage.com/221x174.bmp/cc0000/ffffff,nhanbridgerl@imgur.com,qKuzkR1
dchaffenrm,http://dummyimage.com/176x169.bmp/ff4444/ffffff,kkubistarm@posterous.com,97ImuIm
candrassyrn,http://dummyimage.com/240x125.jpg/cc0000/ffffff,lfordrn@sina.com.cn,OVLqodfg
dbeamentro,http://dummyimage.com/224x197.png/5fa2dd/ffffff,rrumbellowro@ebay.co.uk,m9OX7pHelQy
sdreweryrp,http://dummyimage.com/114x105.jpg/ff4444/ffffff,caustickrp@woothemes.com,avCGfvVaM
vquartermanrq,http://dummyimage.com/131x176.bmp/cc0000/ffffff,astoiterq@statcounter.com,k9nGol3LrYKL
dharbinsonrr,http://dummyimage.com/193x229.png/5fa2dd/ffffff,ksegerrr@microsoft.com,JSNGKp
